ID_time,year,month,day,day_of_week,season
1,2021,4,2,Friday,2
2,2020,3,6,Friday,2
3,2021,2,19,Friday,1
4,2019,3,8,Friday,2
5,2020,5,29,Friday,2
6,2020,5,21,Thursday,2
7,2020,4,17,Friday,2
8,2023,2,8,Wednesday,1
9,2022,6,3,Friday,3
10,2019,6,7,Friday,3
11,2019,2,7,Thursday,1
12,2019,4,16,Tuesday,2
13,2020,3,13,Friday,2
14,2019,9,20,Friday,4
15,2019,1,14,Monday,1
16,2025,5,16,Friday,2
17,2018,6,15,Friday,3
18,2019,7,10,Wednesday,3
19,2020,1,17,Friday,1
20,2020,10,2,Friday,4
21,2023,5,19,Friday,2
22,2019,12,30,Monday,1
23,2024,6,21,Friday,3
24,2020,12,25,Friday,1
25,2022,11,4,Friday,4
26,2019,8,13,Tuesday,3
27,2020,4,7,Tuesday,2
28,2024,3,1,Friday,2
29,2018,12,20,Thursday,1
30,2018,12,5,Wednesday,1
31,2018,11,12,Monday,4
32,2020,1,24,Friday,1
33,2020,6,10,Wednesday,3
34,2015,11,17,Tuesday,4
35,2015,9,7,Monday,4
36,2025,5,2,Friday,2
37,2015,11,26,Thursday,4
38,2015,11,22,Sunday,4
39,2015,11,2,Monday,4
40,2016,1,27,Wednesday,1
41,2025,5,22,Thursday,2
42,2015,11,29,Sunday,4
43,2025,5,5,Monday,2
44,2018,12,11,Tuesday,1
45,2018,3,6,Tuesday,2
46,2019,5,24,Friday,2
47,2021,5,28,Friday,2
48,2016,10,24,Monday,4
49,2019,2,13,Wednesday,1
50,2018,2,14,Wednesday,1
51,2021,10,22,Friday,4
52,2017,10,13,Friday,4
53,2024,5,10,Friday,2
54,2019,10,2,Wednesday,4
55,2018,6,7,Thursday,3
56,2018,6,22,Friday,3
57,2018,4,23,Monday,2
58,2017,3,13,Monday,2
59,2019,1,10,Thursday,1
60,2021,4,30,Friday,2
61,2020,11,12,Thursday,4
62,2019,12,13,Friday,1
63,2020,7,24,Friday,3
64,2024,6,14,Friday,3
65,2021,9,10,Friday,4
66,2022,6,24,Friday,3
67,2020,3,15,Sunday,2
68,2024,2,23,Friday,1
69,2020,6,24,Wednesday,3
70,2015,11,13,Friday,4
71,2019,12,2,Monday,1
72,2025,2,7,Friday,1
73,2024,4,5,Friday,2
74,2020,5,7,Thursday,2
75,2025,4,4,Friday,2
76,2023,7,28,Friday,3
77,2024,10,18,Friday,4
78,2017,9,10,Sunday,4
79,2025,5,9,Friday,2
80,2024,3,6,Wednesday,2
81,2019,3,19,Tuesday,2
82,2020,7,16,Thursday,3
83,2023,9,29,Friday,4
84,2023,5,12,Friday,2
85,2018,4,26,Thursday,2
86,2019,10,11,Friday,4
87,2021,5,14,Friday,2
88,2021,4,22,Thursday,2
89,2024,2,7,Wednesday,1
90,2019,11,29,Friday,4
91,2018,3,8,Thursday,2
92,2025,5,30,Friday,2
93,2024,2,16,Friday,1
94,2017,10,14,Saturday,4
95,2018,10,8,Monday,4
96,2021,4,19,Monday,2
97,2021,9,1,Wednesday,4
98,2019,1,17,Thursday,1
99,2022,3,4,Friday,2
100,2024,10,16,Wednesday,4
101,2022,3,25,Friday,2
102,2022,1,31,Monday,1
103,2023,2,24,Friday,1
104,2022,6,10,Friday,3
105,2022,11,28,Monday,4
106,2019,11,20,Wednesday,4
107,2019,6,19,Wednesday,3
108,2020,5,19,Tuesday,2
109,2020,3,14,Saturday,2
110,2022,10,7,Friday,4
111,2016,8,9,Tuesday,3
112,2021,4,1,Thursday,2
113,2022,7,27,Wednesday,3
114,2016,9,16,Friday,4
115,2019,4,29,Monday,2
116,2017,8,14,Monday,3
117,2016,2,5,Friday,1
118,2019,4,10,Wednesday,2
119,2021,12,25,Saturday,1
120,2022,4,7,Thursday,2
121,2019,3,23,Saturday,2
122,2019,11,8,Friday,4
123,2018,11,30,Friday,4
124,2019,11,15,Friday,4
125,2020,7,31,Friday,3
126,2019,5,3,Friday,2
127,2018,6,8,Friday,3
128,2018,2,9,Friday,1
129,2017,9,26,Tuesday,4
130,2022,7,15,Friday,3
131,2022,9,30,Friday,4
132,2024,12,13,Friday,1
133,2023,3,17,Friday,2
134,2018,5,17,Thursday,2
135,2022,9,23,Friday,4
136,2020,4,23,Thursday,2
137,2023,12,15,Friday,1
138,2020,3,20,Friday,2
139,2023,9,7,Thursday,4
140,2019,12,7,Saturday,1
141,2020,9,8,Tuesday,4
142,2023,10,31,Tuesday,4
143,2021,4,4,Sunday,2
144,2023,7,3,Monday,3
145,2016,12,24,Saturday,1
146,2018,10,31,Wednesday,4
147,2020,10,31,Saturday,4
148,2019,7,11,Thursday,3
149,2020,10,3,Saturday,4
150,2018,4,1,Sunday,2
151,2020,9,19,Saturday,4
152,2023,11,17,Friday,4
153,2016,11,17,Thursday,4
154,2021,2,18,Thursday,1
155,2024,9,6,Friday,4
156,2019,5,30,Thursday,2
157,2021,1,9,Saturday,1
158,2016,12,13,Tuesday,1
159,2015,7,25,Saturday,3
160,2018,4,11,Wednesday,2
161,2023,1,13,Friday,1
162,2020,11,26,Thursday,4
163,2020,9,16,Wednesday,4
164,2020,11,9,Monday,4
165,2017,5,2,Tuesday,2
166,2017,10,31,Tuesday,4
167,2017,1,23,Monday,1
168,2020,10,22,Thursday,4
169,2016,9,2,Friday,4
170,2022,4,8,Friday,2
171,2020,10,21,Wednesday,4
172,2024,3,26,Tuesday,2
173,2017,3,11,Saturday,2
174,2023,11,4,Saturday,4
175,2025,5,23,Friday,2
176,2018,6,14,Thursday,3
177,2025,4,10,Thursday,2
178,2022,11,30,Wednesday,4
179,2023,9,1,Friday,4
180,2023,5,5,Friday,2
181,2024,7,5,Friday,3
182,2022,9,9,Friday,4
183,2022,9,5,Monday,4
184,2024,9,20,Friday,4
185,2019,3,1,Friday,2
186,2024,2,27,Tuesday,1
187,2017,4,7,Friday,2
188,2020,7,17,Friday,3
189,2019,9,27,Friday,4
190,2024,9,13,Friday,4
191,2019,10,4,Friday,4
192,2017,4,4,Tuesday,2
193,2017,4,14,Friday,2
194,2019,2,21,Thursday,1
195,2018,7,13,Friday,3
196,2016,12,12,Monday,1
197,2022,3,9,Wednesday,2
198,2017,10,20,Friday,4
199,2020,7,1,Wednesday,3
200,2017,2,27,Monday,1
201,2019,2,12,Tuesday,1
202,2016,8,16,Tuesday,3
203,2018,3,21,Wednesday,2
204,2024,11,27,Wednesday,4
205,2023,3,31,Friday,2
206,2022,12,16,Friday,1
207,2017,1,30,Monday,1
208,2014,12,29,Monday,1
209,2017,8,8,Tuesday,3
210,2016,12,5,Monday,1
211,2016,7,25,Monday,3
212,2016,12,30,Friday,1
213,2022,5,27,Friday,2
214,2017,2,16,Thursday,1
215,2023,4,17,Monday,2
216,2020,4,21,Tuesday,2
217,2021,10,19,Tuesday,4
218,2022,5,5,Thursday,2
219,2016,11,25,Friday,4
220,2017,10,12,Thursday,4
221,2019,12,25,Wednesday,1
222,2014,12,5,Friday,1
223,2017,12,18,Monday,1
224,2020,11,25,Wednesday,4
225,2021,12,31,Friday,1
226,2012,4,29,Sunday,2
227,2013,7,12,Friday,3
228,2012,11,5,Monday,4
229,2020,10,12,Monday,4
230,2012,10,28,Sunday,4
231,2012,6,17,Sunday,3
232,2017,3,31,Friday,2
233,2012,1,20,Friday,1
234,2020,3,28,Saturday,2
235,2020,4,6,Monday,2
236,2025,6,6,Friday,3
237,2012,8,27,Monday,3
238,2015,1,19,Monday,1
239,2017,4,28,Friday,2
240,2017,5,19,Friday,2
241,2019,6,14,Friday,3
242,2020,7,10,Friday,3
243,2017,11,20,Monday,4
244,2018,5,25,Friday,2
245,2013,9,17,Tuesday,4
246,2017,3,17,Friday,2
247,2021,3,26,Friday,2
248,2021,2,26,Friday,1
249,2023,6,2,Friday,3
250,2018,4,27,Friday,2
251,2020,7,2,Thursday,3
252,2019,2,8,Friday,1
253,2016,2,22,Monday,1
254,2023,5,4,Thursday,2
255,2020,12,11,Friday,1
256,2019,5,17,Friday,2
257,2020,4,30,Thursday,2
258,2023,6,6,Tuesday,3
259,2013,9,21,Saturday,4
260,2015,1,27,Tuesday,1
261,2017,3,9,Thursday,2
262,2021,5,12,Wednesday,2
263,2024,4,19,Friday,2
264,2022,6,30,Thursday,3
265,2013,5,13,Monday,2
266,2023,11,22,Wednesday,4
267,2016,3,3,Thursday,2
268,2025,4,18,Friday,2
269,2017,10,3,Tuesday,4
270,2016,11,14,Monday,4
271,2025,4,11,Friday,2
272,2019,8,30,Friday,3
273,2022,1,14,Friday,1
274,2025,5,29,Thursday,2
275,2018,10,16,Tuesday,4
276,2010,10,12,Tuesday,4
277,2006,6,28,Wednesday,3
278,2004,1,1,Thursday,1
279,2017,9,27,Wednesday,4
280,2008,4,15,Tuesday,2
281,2017,9,21,Thursday,4
282,2011,7,16,Saturday,3
283,2017,9,29,Friday,4
284,2020,8,15,Saturday,3
285,2013,12,21,Saturday,1
286,2012,6,19,Tuesday,3
287,2015,7,2,Thursday,3
288,2025,1,31,Friday,1
289,2017,5,26,Friday,2
290,2012,5,11,Friday,2
291,2015,9,25,Friday,4
292,2016,12,3,Saturday,1
293,2008,3,15,Saturday,2
294,2019,8,9,Friday,3
295,2024,9,17,Tuesday,4
296,2024,5,17,Friday,2
297,2023,4,21,Friday,2
298,2023,2,9,Thursday,1
299,2023,7,14,Friday,3
300,2025,1,24,Friday,1
301,2025,3,7,Friday,2
302,2024,1,25,Thursday,1
303,2023,11,10,Friday,4
304,2022,2,16,Wednesday,1
305,2024,7,17,Wednesday,3
306,2022,6,17,Friday,3
307,2024,10,11,Friday,4
308,2021,12,15,Wednesday,1
309,2025,3,28,Friday,2
310,2017,6,30,Friday,3
311,2020,6,26,Friday,3
312,2013,6,4,Tuesday,3
313,2021,4,9,Friday,2
314,2015,6,23,Tuesday,3
315,2018,9,14,Friday,4
316,2011,6,10,Friday,3
317,2021,12,10,Friday,1
318,2015,11,25,Wednesday,4
319,2018,9,7,Friday,4
320,2017,9,22,Friday,4
321,2017,4,21,Friday,2
322,2025,1,10,Friday,1
323,2019,6,5,Wednesday,3
324,2020,6,11,Thursday,3
325,2015,5,5,Tuesday,2
326,2013,4,23,Tuesday,2
327,2020,12,16,Wednesday,1
328,2017,6,2,Friday,3
329,2015,5,26,Tuesday,2
330,2019,6,21,Friday,3
331,2011,6,14,Tuesday,3
332,2015,6,16,Tuesday,3
333,2021,4,28,Wednesday,2
334,2015,7,23,Thursday,3
335,2011,5,20,Friday,2
336,2018,11,29,Thursday,4
337,2015,11,27,Friday,4
338,2013,4,5,Friday,2
339,2020,11,27,Friday,4
340,2018,6,1,Friday,3
341,2018,4,6,Friday,2
342,2018,2,16,Friday,1
343,2009,10,11,Sunday,4
344,2018,11,22,Thursday,4
345,2005,4,11,Monday,2
346,2013,5,10,Friday,2
347,2013,11,26,Tuesday,4
348,2019,5,14,Tuesday,2
349,2017,12,15,Friday,1
350,2025,5,21,Wednesday,2
351,2010,11,15,Monday,4
352,2015,11,6,Friday,4
353,2013,10,30,Wednesday,4
354,2008,10,9,Thursday,4
355,2004,4,30,Friday,2
356,2018,2,23,Friday,1
357,2012,3,20,Tuesday,2
358,2005,1,1,Saturday,1
359,2017,4,5,Wednesday,2
360,2024,2,26,Monday,1
361,2013,11,18,Monday,4
362,2017,11,12,Sunday,4
363,2017,2,24,Friday,1
364,2017,3,24,Friday,2
365,2018,2,1,Thursday,1
366,2020,7,3,Friday,3
367,2012,11,26,Monday,4
368,2015,4,1,Wednesday,2
369,2014,6,9,Monday,3
370,2020,11,6,Friday,4
371,2020,10,23,Friday,4
372,2020,8,28,Friday,3
373,2017,9,8,Friday,4
374,2018,8,17,Friday,3
375,2020,9,11,Friday,4
376,2023,6,9,Friday,3
377,2023,10,27,Friday,4
378,2023,7,7,Friday,3
379,2023,4,7,Friday,2
380,2023,9,8,Friday,4
381,2018,5,11,Friday,2
382,2023,12,1,Friday,1
383,2023,8,4,Friday,3
384,2024,8,16,Friday,3
385,2024,10,25,Friday,4
386,2018,10,24,Wednesday,4
387,2020,1,10,Friday,1
388,2016,12,9,Friday,1
389,2020,10,7,Wednesday,4
390,2018,4,13,Friday,2
391,2017,6,9,Friday,3
392,2023,7,21,Friday,3
393,2021,12,3,Friday,1
394,2023,3,10,Friday,2
395,2023,5,26,Friday,2
396,2017,10,18,Wednesday,4
397,2017,3,16,Thursday,2
398,2018,4,20,Friday,2
399,2016,8,18,Thursday,3
400,2017,6,14,Wednesday,3
401,2021,1,8,Friday,1
402,2017,2,10,Friday,1
403,2021,1,22,Friday,1
404,2016,11,24,Thursday,4
405,2024,5,3,Friday,2
406,2019,6,20,Thursday,3
407,2016,10,3,Monday,4
408,2016,12,1,Thursday,1
409,2024,11,15,Friday,4
410,2016,5,13,Friday,2
411,2023,10,13,Friday,4
412,2018,11,23,Friday,4
413,2024,3,8,Friday,2
414,2015,12,18,Friday,1
415,2016,6,10,Friday,3
416,2021,4,16,Friday,2
417,2019,11,22,Friday,4
418,2023,4,20,Thursday,2
419,2021,6,18,Friday,3
420,2025,6,13,Friday,3
421,2022,5,13,Friday,2
422,2014,2,14,Friday,1
423,2013,2,26,Tuesday,1
424,2014,5,22,Thursday,2
425,2019,10,14,Monday,4
426,2015,7,15,Wednesday,3
427,2024,7,19,Friday,3
428,2017,8,30,Wednesday,3
429,2020,3,27,Friday,2
430,2021,1,19,Tuesday,1
431,2016,6,1,Wednesday,3
432,2021,3,9,Tuesday,2
433,2020,12,2,Wednesday,1
434,2020,3,19,Thursday,2
435,2019,1,22,Tuesday,1
436,2019,4,12,Friday,2
437,2018,8,14,Tuesday,3
438,2018,4,3,Tuesday,2
439,2017,11,29,Wednesday,4
440,2018,4,30,Monday,2
441,2017,9,6,Wednesday,4
442,2019,10,22,Tuesday,4
443,2023,11,29,Wednesday,4
444,2017,12,6,Wednesday,1
445,2017,3,15,Wednesday,2
446,2019,3,4,Monday,2
447,2022,7,22,Friday,3
448,2022,5,9,Monday,2
449,2024,11,29,Friday,4
450,2017,5,4,Thursday,2
451,2017,6,13,Tuesday,3
452,2017,7,10,Monday,3
453,2017,4,10,Monday,2
454,2023,5,8,Monday,2
455,2024,4,26,Friday,2
456,2017,4,20,Thursday,2
457,2017,7,4,Tuesday,3
458,2024,6,19,Wednesday,3
459,2024,4,12,Friday,2
460,2014,6,18,Wednesday,3
461,2017,5,29,Monday,2
462,2016,8,8,Monday,3
463,2016,9,27,Tuesday,4
464,2017,12,22,Friday,1
465,2016,7,11,Monday,3
466,2019,6,3,Monday,3
467,2017,11,14,Tuesday,4
468,2017,1,1,Sunday,1
469,2018,9,16,Sunday,4
470,2018,9,21,Friday,4
471,2018,9,28,Friday,4
472,2018,6,13,Wednesday,3
473,2016,5,11,Wednesday,2
474,2017,1,10,Tuesday,1
475,2019,5,10,Friday,2
476,2018,12,21,Friday,1
477,2017,5,1,Monday,2
478,2018,8,21,Tuesday,3
479,2021,1,29,Friday,1
480,2020,5,8,Friday,2
481,2017,3,7,Tuesday,2
482,2021,6,11,Friday,3
483,2021,10,15,Friday,4
484,2018,1,15,Monday,1
485,2024,1,12,Friday,1
486,2025,2,21,Friday,1
487,2021,7,28,Wednesday,3
488,2022,7,1,Friday,3
489,2024,4,3,Wednesday,2
490,2016,3,24,Thursday,2
491,2020,11,17,Tuesday,4
492,2023,4,24,Monday,2
493,2020,11,24,Tuesday,4
494,2023,4,4,Tuesday,2
495,2019,2,6,Wednesday,1
496,2022,2,2,Wednesday,1
497,2020,1,16,Thursday,1
498,2020,5,15,Friday,2
499,2021,2,3,Wednesday,1
500,2018,8,31,Friday,3
501,2019,2,22,Friday,1
502,2021,4,21,Wednesday,2
503,2023,11,3,Friday,4
504,2016,1,22,Friday,1
505,2017,7,14,Friday,3
506,2020,4,8,Wednesday,2
507,2020,10,9,Friday,4
508,2021,3,6,Saturday,2
509,2024,3,7,Thursday,2
510,2021,6,10,Thursday,3
511,2020,4,13,Monday,2
512,2021,4,20,Tuesday,2
513,2021,2,2,Tuesday,1
514,2015,3,27,Friday,2
515,1999,1,1,Friday,1
516,2020,10,30,Friday,4
517,2002,6,20,Thursday,3
518,2012,4,10,Tuesday,2
519,2007,1,26,Friday,1
520,2002,1,1,Tuesday,1
521,2020,10,29,Thursday,4
522,2012,3,19,Monday,2
523,2016,12,2,Friday,1
524,2017,10,6,Friday,4
525,2021,10,27,Wednesday,4
526,1998,1,1,Thursday,1
527,2012,1,1,Sunday,1
528,2015,4,14,Tuesday,2
529,2021,9,28,Tuesday,4
530,2018,7,20,Friday,3
531,2018,10,5,Friday,4
532,2018,12,12,Wednesday,1
533,2020,5,22,Friday,2
534,2019,1,11,Friday,1
535,2020,1,31,Friday,1
536,2022,12,23,Friday,1
537,2021,2,5,Friday,1
538,2023,2,16,Thursday,1
539,2024,1,26,Friday,1
540,2024,7,12,Friday,3
541,2022,10,24,Monday,4
542,2022,1,1,Saturday,1
543,2017,9,7,Thursday,4
544,2014,1,17,Friday,1
545,2019,12,4,Wednesday,1
546,2015,4,28,Tuesday,2
547,2017,3,10,Friday,2
548,2019,3,15,Friday,2
549,2017,3,3,Friday,2
550,2016,2,11,Thursday,1
551,2019,4,19,Friday,2
552,2013,5,3,Friday,2
553,2010,6,6,Sunday,3
554,2022,4,29,Friday,2
555,2011,12,19,Monday,1
556,2014,4,28,Monday,2
557,2017,2,7,Tuesday,1
558,2013,5,28,Tuesday,2
559,2015,1,7,Wednesday,1
560,2013,5,21,Tuesday,2
561,2006,4,29,Saturday,2
562,2015,7,27,Monday,3
563,2020,12,21,Monday,1
564,2015,1,1,Thursday,1
565,2013,1,1,Tuesday,1
566,2016,2,19,Friday,1
567,2011,1,1,Saturday,1
568,2013,9,3,Tuesday,4
569,2021,5,21,Friday,2
570,2015,5,28,Thursday,2
571,2019,10,21,Monday,4
572,2018,4,10,Tuesday,2
573,2006,8,9,Wednesday,3
574,2025,3,14,Friday,2
575,2018,11,2,Friday,4
576,2021,7,23,Friday,3
577,2014,1,1,Wednesday,1
578,2023,5,11,Thursday,2
579,2022,5,20,Friday,2
580,2017,6,16,Friday,3
581,2016,9,30,Friday,4
582,2007,5,18,Friday,2
583,2003,4,23,Wednesday,2
584,2010,10,5,Tuesday,4
585,2014,9,9,Tuesday,4
586,2009,6,5,Friday,3
587,2012,6,5,Tuesday,3
588,2006,3,15,Wednesday,2
589,2012,5,22,Tuesday,2
590,2014,7,30,Wednesday,3
591,2010,9,6,Monday,4
592,2010,10,3,Sunday,4
593,2010,7,8,Thursday,3
594,2014,6,2,Monday,3
595,2012,5,6,Sunday,2
596,2012,11,22,Thursday,4
597,2012,4,24,Tuesday,2
598,2009,5,5,Tuesday,2
599,2007,5,17,Thursday,2
600,2012,11,27,Tuesday,4
601,2004,4,23,Friday,2
602,2011,3,23,Wednesday,2
603,2013,7,24,Wednesday,3
604,2011,3,5,Saturday,2
605,2011,3,16,Wednesday,2
606,2011,3,9,Wednesday,2
607,1998,6,20,Saturday,3
608,2000,1,1,Saturday,1
609,1998,7,20,Monday,3
610,1995,7,7,Friday,3
611,2019,3,3,Sunday,2
612,2020,2,21,Friday,1
613,2019,8,2,Friday,3
614,2004,9,1,Wednesday,4
615,2010,7,27,Tuesday,3
616,2015,4,7,Tuesday,2
617,2022,3,18,Friday,2
618,2004,8,27,Friday,3
619,2014,3,24,Monday,2
620,2014,4,30,Wednesday,2
621,2002,2,10,Sunday,1
622,2010,9,7,Tuesday,4
623,2013,2,5,Tuesday,1
624,2006,5,26,Friday,2
625,2006,6,6,Tuesday,3
626,2002,2,1,Friday,1
627,2017,11,13,Monday,4
628,2006,12,1,Friday,1
629,2007,10,26,Friday,4
630,2007,11,9,Friday,4
631,2011,4,22,Friday,2
632,2019,10,25,Friday,4
633,2016,9,6,Tuesday,4
634,2016,5,26,Thursday,2
635,2012,12,12,Wednesday,1
636,2022,3,14,Monday,2
637,2017,11,17,Friday,4
638,2009,3,20,Friday,2
639,2017,6,23,Friday,3
640,2012,10,30,Tuesday,4
641,2009,4,10,Friday,2
642,2010,7,20,Tuesday,3
643,2016,6,13,Monday,3
644,2010,9,10,Friday,4
645,2013,2,2,Saturday,1
646,2011,3,18,Friday,2
647,2008,5,9,Friday,2
648,2007,10,5,Friday,4
649,2024,11,22,Friday,4
650,2013,3,29,Friday,2
651,2011,2,22,Tuesday,1
652,2010,1,1,Friday,1
653,2010,5,4,Tuesday,2
654,2013,2,22,Friday,1
655,2025,5,13,Tuesday,2
656,2017,12,17,Sunday,1
657,2018,5,28,Monday,2
658,2012,6,29,Friday,3
659,2006,2,1,Wednesday,1
660,2020,3,18,Wednesday,2
661,2006,9,16,Saturday,4
662,2013,1,25,Friday,1
663,2010,12,24,Friday,1
664,2020,1,14,Tuesday,1
665,2015,10,23,Friday,4
666,2011,12,17,Saturday,1
667,2013,9,27,Friday,4
668,2021,11,5,Friday,4
669,2014,2,17,Monday,1
670,2013,6,25,Tuesday,3
671,2019,4,18,Thursday,2
672,2019,3,29,Friday,2
673,2014,3,25,Tuesday,2
674,2017,11,21,Tuesday,4
675,2020,8,14,Friday,3
676,2014,11,4,Tuesday,4
677,2015,9,4,Friday,4
678,2017,10,9,Monday,4
679,2021,6,4,Friday,3
680,2020,6,3,Wednesday,3
681,2016,5,4,Wednesday,2
682,2025,4,25,Friday,2
683,2016,3,4,Friday,2
684,2021,9,24,Friday,4
685,2014,10,15,Wednesday,4
686,2021,11,1,Monday,4
687,2016,2,10,Wednesday,1
688,2015,10,9,Friday,4
689,2025,2,12,Wednesday,1
690,2013,3,23,Saturday,2
691,2023,9,28,Thursday,4
692,2024,7,26,Friday,3
693,2016,11,28,Monday,4
694,2012,9,4,Tuesday,4
695,2012,11,20,Tuesday,4
696,2022,12,30,Friday,1
697,2021,11,27,Saturday,4
698,2022,7,29,Friday,3
699,2007,1,1,Monday,1
700,2009,9,9,Wednesday,4
701,2005,1,27,Thursday,1
702,2014,3,19,Wednesday,2
703,2016,11,4,Friday,4
704,2008,7,28,Monday,3
705,2014,4,14,Monday,2
706,2014,4,8,Tuesday,2
707,2016,9,15,Thursday,4
708,2014,4,22,Tuesday,2
709,2012,2,29,Wednesday,1
710,2012,2,6,Monday,1
711,2022,12,2,Friday,1
712,2019,11,11,Monday,4
713,2022,11,11,Friday,4
714,2022,6,23,Thursday,3
715,2012,1,29,Sunday,1
716,2005,10,19,Wednesday,4
717,2021,1,15,Friday,1
718,2016,12,25,Sunday,1
719,2007,2,16,Friday,1
720,2023,7,5,Wednesday,3
721,2022,11,25,Friday,4
722,2021,10,8,Friday,4
723,2012,1,26,Thursday,1
724,2001,1,1,Monday,1
725,2021,11,12,Friday,4
726,2007,11,20,Tuesday,4
727,2011,4,16,Saturday,2
728,2012,11,9,Friday,4
729,2012,12,4,Tuesday,1
730,2009,7,18,Saturday,3
731,2013,11,5,Tuesday,4
732,2007,2,20,Tuesday,1
733,2014,2,13,Thursday,1
734,2024,6,7,Friday,3
735,2018,10,30,Tuesday,4
736,2012,7,31,Tuesday,3
737,2013,7,30,Tuesday,3
738,2021,3,23,Tuesday,2
739,2010,3,19,Friday,2
740,2018,7,25,Wednesday,3
741,2014,12,18,Thursday,1
742,2020,1,28,Tuesday,1
743,2019,11,28,Thursday,4
744,2020,6,1,Monday,3
745,2007,6,19,Tuesday,3
746,2017,6,8,Thursday,3
747,2020,9,18,Friday,4
748,2016,4,12,Tuesday,2
749,2013,10,15,Tuesday,4
750,2016,4,22,Friday,2
751,2025,1,27,Monday,1
752,2013,10,29,Tuesday,4
753,2016,3,8,Tuesday,2
754,2018,6,29,Friday,3
755,2016,3,18,Friday,2
756,2014,10,29,Wednesday,4
757,2015,10,29,Thursday,4
758,2016,4,1,Friday,2
759,2019,6,28,Friday,3
760,2018,11,16,Friday,4
761,2003,1,3,Friday,1
762,2017,10,19,Thursday,4
763,2020,3,11,Wednesday,2
764,2016,1,29,Friday,1
765,2018,1,16,Tuesday,1
766,2020,7,14,Tuesday,3
767,2022,10,28,Friday,4
768,2020,4,10,Friday,2
769,2019,12,6,Friday,1
770,2022,1,28,Friday,1
771,2022,5,6,Friday,2
772,2021,8,6,Friday,3
773,2021,11,19,Friday,4
774,2023,2,10,Friday,1
775,2018,1,24,Wednesday,1
776,2018,5,18,Friday,2
777,2018,3,23,Friday,2
778,2019,2,26,Tuesday,1
779,2023,6,16,Friday,3
780,2014,3,18,Tuesday,2
781,2015,9,10,Thursday,4
782,2012,9,28,Friday,4
783,2018,3,5,Monday,2
784,2017,8,6,Sunday,3
785,2015,12,24,Thursday,1
786,2012,8,28,Tuesday,3
787,2010,11,18,Thursday,4
788,2007,10,12,Friday,4
789,2011,2,10,Thursday,1
790,2016,2,27,Saturday,1
791,2011,11,24,Thursday,4
792,2024,7,10,Wednesday,3
793,2023,1,20,Friday,1
794,2021,7,2,Friday,3
795,2023,10,6,Friday,4
796,2023,1,11,Wednesday,1
797,2018,9,4,Tuesday,4
798,2016,10,11,Tuesday,4
799,2020,5,1,Friday,2
800,2024,8,29,Thursday,3
801,2016,7,19,Tuesday,3
802,2018,11,27,Tuesday,4
803,2017,7,28,Friday,3
804,2023,2,20,Monday,1
805,2020,4,25,Saturday,2
806,2019,7,26,Friday,3
807,2019,11,27,Wednesday,4
808,2020,12,8,Tuesday,1
809,2025,2,14,Friday,1
810,2024,9,11,Wednesday,4
811,2020,10,16,Friday,4
812,2020,5,20,Wednesday,2
813,2021,4,23,Friday,2
814,2021,9,16,Thursday,4
815,2022,1,21,Friday,1
816,2021,10,29,Friday,4
817,2020,4,29,Wednesday,2
818,2024,8,30,Friday,3
819,2024,12,5,Thursday,1
820,2021,6,25,Friday,3
821,2024,1,29,Monday,1
822,2023,6,7,Wednesday,3
823,2023,5,17,Wednesday,2
824,2024,3,28,Thursday,2
825,2024,1,19,Friday,1
826,2023,2,2,Thursday,1
827,2025,1,7,Tuesday,1
828,2024,2,8,Thursday,1
829,2023,6,30,Friday,3
830,2024,3,22,Friday,2
831,2025,6,5,Thursday,3
832,2021,6,8,Tuesday,3
833,2024,6,15,Saturday,3
834,2024,4,2,Tuesday,2
835,2023,3,24,Friday,2
836,2024,6,18,Tuesday,3
837,2021,2,10,Wednesday,1
838,2025,6,11,Wednesday,3
839,2022,4,23,Saturday,2
840,2021,5,24,Monday,2
841,2022,2,25,Friday,1
842,2009,3,23,Monday,2
843,2018,1,19,Friday,1
844,2016,9,9,Friday,4
845,2020,11,20,Friday,4
846,2016,9,1,Thursday,4
847,2020,10,28,Wednesday,4
848,2015,10,20,Tuesday,4
849,2015,11,23,Monday,4
850,2015,3,17,Tuesday,2
851,2015,2,3,Tuesday,1
852,2015,6,9,Tuesday,3
853,2016,1,20,Wednesday,1
854,2015,6,11,Thursday,3
855,2021,2,12,Friday,1
856,2015,3,3,Tuesday,2
857,2019,3,12,Tuesday,2
858,2014,11,20,Thursday,4
859,2018,12,7,Friday,1
860,2011,12,4,Sunday,1
861,2014,12,23,Tuesday,1
862,2013,9,15,Sunday,4
863,2020,12,18,Friday,1
864,2011,8,17,Wednesday,3
865,2022,10,20,Thursday,4
866,2009,1,1,Thursday,1
867,2014,5,20,Tuesday,2
868,2012,1,25,Wednesday,1
869,2014,5,27,Tuesday,2
870,2013,12,11,Wednesday,1
871,2007,11,15,Thursday,4
872,2018,2,15,Thursday,1
873,2014,1,27,Monday,1
874,2012,4,11,Wednesday,2
875,2020,2,18,Tuesday,1
876,2010,2,1,Monday,1
877,2020,4,24,Friday,2
878,2013,12,13,Friday,1
879,2012,3,5,Monday,2
880,2021,3,3,Wednesday,2
881,2012,12,16,Sunday,1
882,2010,4,23,Friday,2
883,2021,3,19,Friday,2
884,2021,3,18,Thursday,2
885,2017,7,18,Tuesday,3
886,2006,1,1,Sunday,1
887,2008,1,1,Tuesday,1
888,2007,2,18,Sunday,1
889,2012,8,23,Thursday,3
890,2015,9,23,Wednesday,4
891,2009,4,1,Wednesday,2
892,2007,10,15,Monday,4
893,2008,1,8,Tuesday,1
894,2007,2,11,Sunday,1
895,2013,12,1,Sunday,1
896,2007,1,18,Thursday,1
897,2002,3,28,Thursday,2
898,1994,2,25,Friday,1
899,1993,2,25,Thursday,1
900,2002,4,2,Tuesday,2
901,2002,3,22,Friday,2
902,1996,5,14,Tuesday,2
903,2003,11,14,Friday,4
904,2002,3,29,Friday,2
905,1998,4,20,Monday,2
906,1992,7,12,Sunday,3
907,1998,5,7,Thursday,2
908,2024,8,5,Monday,3
909,1998,5,14,Thursday,2
910,1999,12,17,Friday,1
911,1999,12,3,Friday,1
912,1993,1,1,Friday,1
913,2000,12,7,Thursday,1
914,2004,11,12,Friday,4
915,2023,12,8,Friday,1
916,2023,4,28,Friday,2
917,2003,10,14,Tuesday,4
918,2003,1,1,Wednesday,1
919,1993,12,25,Saturday,1
920,2000,11,17,Friday,4
921,1994,1,1,Saturday,1
922,2003,11,7,Friday,4
923,1996,1,1,Monday,1
924,1997,1,1,Wednesday,1
925,1998,4,23,Thursday,2
926,2001,4,6,Friday,2
927,2009,5,22,Friday,2
928,1996,3,14,Thursday,2
929,2006,6,20,Tuesday,3
930,2003,5,23,Friday,2
931,2015,6,5,Friday,3
932,2013,6,18,Tuesday,3
933,2013,5,24,Friday,2
934,2013,1,11,Friday,1
935,2009,6,19,Friday,3
936,2001,5,11,Friday,2
937,2004,3,7,Sunday,2
938,2007,6,1,Friday,3
939,2003,10,3,Friday,4
940,2006,6,9,Friday,3
941,2021,3,2,Tuesday,2
942,2009,6,18,Thursday,3
943,1997,6,1,Sunday,3
944,1992,2,1,Saturday,1
945,2014,2,20,Thursday,1
946,2003,10,23,Thursday,4
947,2008,2,25,Monday,1
948,2003,10,24,Friday,4
949,2008,2,29,Friday,1
950,1994,3,7,Monday,2
951,2020,6,7,Sunday,3
952,2018,3,2,Friday,2
953,2016,1,4,Monday,1
954,2016,5,2,Monday,2
955,2020,6,5,Friday,3
956,2016,6,30,Thursday,3
957,2016,1,25,Monday,1
958,2017,1,13,Friday,1
959,2020,6,12,Friday,3
960,2022,12,6,Tuesday,1
961,2018,2,2,Friday,1
962,2016,5,19,Thursday,2
963,2023,5,30,Tuesday,2
964,2020,1,2,Thursday,1
965,2015,10,15,Thursday,4
966,2024,5,24,Friday,2
967,2018,3,7,Wednesday,2
968,2016,1,3,Sunday,1
969,2021,5,4,Tuesday,2
970,2013,12,2,Monday,1
971,2023,11,28,Tuesday,4
972,2015,8,6,Thursday,3
973,2013,10,26,Saturday,4
974,2016,3,9,Wednesday,2
975,2013,3,10,Sunday,2
976,2010,10,18,Monday,4
977,2018,12,2,Sunday,1
978,2013,7,1,Monday,3
979,2019,7,6,Saturday,3
980,2022,8,24,Wednesday,3
981,2019,10,20,Sunday,4
982,2025,1,19,Sunday,1
983,2017,9,15,Friday,4
984,2021,5,7,Friday,2
985,2021,3,31,Wednesday,2
986,2003,6,13,Friday,3
987,2008,4,11,Friday,2
988,2006,2,24,Friday,1
989,2011,3,1,Tuesday,2
990,2014,3,4,Tuesday,2
991,2003,5,22,Thursday,2
992,2006,3,24,Friday,2
993,2014,3,21,Friday,2
994,2000,5,26,Friday,2
995,2012,10,25,Thursday,4
996,2003,10,16,Thursday,4
997,2015,3,10,Tuesday,2
998,2005,10,28,Friday,4
999,2009,10,22,Thursday,4
1000,2024,9,19,Thursday,4
1001,2021,11,26,Friday,4
1002,2024,3,15,Friday,2
1003,2024,12,10,Tuesday,1
1004,2021,10,20,Wednesday,4
1005,2024,5,22,Wednesday,2
1006,2019,10,24,Thursday,4
1007,2021,9,3,Friday,4
1008,1998,7,1,Wednesday,3
1009,2017,3,21,Tuesday,2
1010,2013,6,10,Monday,3
1011,2010,11,30,Tuesday,4
1012,2004,11,19,Friday,4
1013,2011,12,18,Sunday,1
1014,1996,8,1,Thursday,3
1015,2016,12,15,Thursday,1
1016,2007,11,13,Tuesday,4
1017,2012,2,14,Tuesday,1
1018,1998,8,1,Saturday,3
1019,2005,9,1,Thursday,4
1020,2009,11,4,Wednesday,4
1021,2017,9,1,Friday,4
1022,2015,7,1,Wednesday,3
1023,2018,12,6,Thursday,1
1024,2011,12,20,Tuesday,1
1025,2013,6,11,Tuesday,3
1026,2011,12,11,Sunday,1
1027,2012,2,16,Thursday,1
1028,2016,6,29,Wednesday,3
1029,2011,11,1,Tuesday,4
1030,2004,7,9,Friday,3
1031,2010,11,1,Monday,4
1032,2010,11,9,Tuesday,4
1033,2006,11,9,Thursday,4
1034,2016,10,14,Friday,4
1035,2016,5,10,Tuesday,2
1036,2016,2,29,Monday,1
1037,2017,5,12,Friday,2
1038,2018,1,26,Friday,1
1039,2017,2,3,Friday,1
1040,2015,12,15,Tuesday,1
1041,2015,10,12,Monday,4
1042,2020,2,20,Thursday,1
1043,2014,4,9,Wednesday,2
1044,2016,1,26,Tuesday,1
1045,2015,2,9,Monday,1
1046,2015,7,13,Monday,3
1047,2021,6,22,Tuesday,3
1048,2020,11,13,Friday,4
1049,2017,11,24,Friday,4
1050,2019,4,15,Monday,2
1051,2022,4,15,Friday,2
1052,2015,11,12,Thursday,4
1053,2022,5,17,Tuesday,2
1054,2017,1,18,Wednesday,1
1055,2015,12,19,Saturday,1
1056,2017,1,31,Tuesday,1
1057,2016,7,27,Wednesday,3
1058,2014,3,31,Monday,2
1059,2019,3,18,Monday,2
1060,2013,5,20,Monday,2
1061,2013,6,1,Saturday,3
1062,2020,3,16,Monday,2
1063,2012,10,31,Wednesday,4
1064,2013,8,1,Thursday,3
1065,2018,9,1,Saturday,4
1066,2016,5,25,Wednesday,2
1067,2015,6,12,Friday,3
1068,2020,9,17,Thursday,4
1069,2018,8,3,Friday,3
1070,2019,10,18,Friday,4
1071,2014,9,2,Tuesday,4
1072,2019,2,1,Friday,1
1073,2019,1,25,Friday,1
1074,2019,1,7,Monday,1
1075,2012,11,13,Tuesday,4
1076,2021,10,24,Sunday,4
1077,2019,10,1,Tuesday,4
1078,2021,3,5,Friday,2
1079,2012,12,28,Friday,1
1080,2012,5,21,Monday,2
1081,2019,1,21,Monday,1
1082,2009,6,7,Sunday,3
1083,2014,7,1,Tuesday,3
1084,2010,5,22,Saturday,2
1085,2015,10,1,Thursday,4
1086,2008,4,12,Saturday,2
1087,2008,3,22,Saturday,2
1088,2012,5,23,Wednesday,2
1089,2015,10,10,Saturday,4
1090,2010,6,7,Monday,3
1091,2013,11,24,Sunday,4
1092,2019,10,8,Tuesday,4
1093,2022,3,21,Monday,2
1094,2020,12,15,Tuesday,1
1095,2009,1,26,Monday,1
1096,2010,5,20,Thursday,2
1097,2022,4,4,Monday,2
1098,2020,3,17,Tuesday,2
1099,2016,7,21,Thursday,3
1100,2018,12,14,Friday,1
1101,2019,6,17,Monday,3
1102,2020,2,28,Friday,1
1103,2018,9,13,Thursday,4
1104,2019,5,28,Tuesday,2
1105,2022,7,18,Monday,3
1106,2018,9,19,Wednesday,4
1107,2019,4,1,Monday,2
1108,2019,8,10,Saturday,3
1109,2020,1,5,Sunday,1
1110,2021,4,6,Tuesday,2
1111,2016,8,29,Monday,3
1112,2018,1,18,Thursday,1
1113,2014,4,3,Thursday,2
1114,2008,10,31,Friday,4
1115,2018,1,3,Wednesday,1
1116,2017,12,13,Wednesday,1
1117,2014,3,7,Friday,2
1118,2007,6,29,Friday,3
1119,2017,4,19,Wednesday,2
1120,2019,1,9,Wednesday,1
1121,2018,11,6,Tuesday,4
1122,2014,5,19,Monday,2
1123,2014,4,24,Thursday,2
1124,2018,11,14,Wednesday,4
1125,2016,6,20,Monday,3
1126,2019,7,30,Tuesday,3
1127,2017,1,9,Monday,1
1128,2017,4,3,Monday,2
1129,2019,7,9,Tuesday,3
1130,2018,4,24,Tuesday,2
1131,2013,3,19,Tuesday,2
1132,2017,4,24,Monday,2
1133,2015,9,11,Friday,4
1134,2015,9,18,Friday,4
1135,2016,6,27,Monday,3
1136,2016,10,10,Monday,4
1137,2020,2,14,Friday,1
1138,2017,1,26,Thursday,1
1139,2020,3,24,Tuesday,2
1140,2017,1,2,Monday,1
1141,2016,7,4,Monday,3
1142,2021,3,12,Friday,2
1143,2016,9,22,Thursday,4
1144,2021,1,11,Monday,1
1145,2016,5,16,Monday,2
1146,2013,3,15,Friday,2
1147,2016,9,19,Monday,4
1148,2019,8,23,Friday,3
1149,2004,5,11,Tuesday,2
1150,2019,6,25,Tuesday,3
1151,2020,12,4,Friday,1
1152,2016,3,30,Wednesday,2
1153,2021,2,23,Tuesday,1
1154,2021,7,29,Thursday,3
1155,2010,9,3,Friday,4
1156,2016,8,1,Monday,3
1157,2006,1,30,Monday,1
1158,2004,3,11,Thursday,2
1159,2016,12,27,Tuesday,1
1160,2016,10,17,Monday,4
1161,2020,11,15,Sunday,4
1162,2009,11,1,Sunday,4
1163,2021,7,30,Friday,3
1164,2011,5,24,Tuesday,2
1165,2021,6,30,Wednesday,3
1166,2010,5,11,Tuesday,2
1167,2010,5,18,Tuesday,2
1168,2014,4,17,Thursday,2
1169,2009,12,15,Tuesday,1
1170,2008,2,28,Thursday,1
1171,2009,10,4,Sunday,4
1172,2021,5,3,Monday,2
1173,2007,6,2,Saturday,3
1174,2015,3,16,Monday,2
1175,2025,3,21,Friday,2
1176,2024,1,9,Tuesday,1
1177,2012,1,12,Thursday,1
1178,2021,7,12,Monday,3
1179,2015,10,16,Friday,4
1180,2014,5,8,Thursday,2
1181,2009,7,12,Sunday,3
1182,2009,7,15,Wednesday,3
1183,2012,1,31,Tuesday,1
1184,2011,11,28,Monday,4
1185,2010,12,13,Monday,1
1186,2020,3,1,Sunday,2
1187,2019,9,3,Tuesday,4
1188,2023,8,25,Friday,3
1189,2020,6,18,Thursday,3
1190,2017,12,1,Friday,1
1191,2019,11,26,Tuesday,4
1192,2021,1,20,Wednesday,1
1193,2018,2,20,Tuesday,1
1194,2018,4,17,Tuesday,2
1195,2019,5,7,Tuesday,2
1196,2019,8,26,Monday,3
1197,2017,1,3,Tuesday,1
1198,2018,6,11,Monday,3
1199,2019,8,1,Thursday,3
1200,2018,2,6,Tuesday,1
1201,2023,9,15,Friday,4
1202,2019,7,18,Thursday,3
1203,2020,2,3,Monday,1
1204,2020,2,10,Monday,1
1205,2017,1,19,Thursday,1
1206,2022,1,29,Saturday,1
1207,2021,8,24,Tuesday,3
1208,2020,2,19,Wednesday,1
1209,2023,7,4,Tuesday,3
1210,2023,10,22,Sunday,4
1211,2015,12,10,Thursday,1
1212,2016,12,19,Monday,1
1213,2021,4,29,Thursday,2
1214,2018,1,27,Saturday,1
1215,2023,5,16,Tuesday,2
1216,2020,3,21,Saturday,2
1217,2016,12,16,Friday,1
1218,2023,1,29,Sunday,1
1219,2023,6,14,Wednesday,3
1220,2015,10,19,Monday,4
1221,2013,10,2,Wednesday,4
1222,2015,3,9,Monday,2
1223,2016,10,25,Tuesday,4
1224,2015,12,9,Wednesday,1
1225,2016,2,9,Tuesday,1
1226,2024,6,27,Thursday,3
1227,2025,1,17,Friday,1
1228,2025,2,28,Friday,1
1229,2023,11,14,Tuesday,4
1230,2025,1,16,Thursday,1
1231,2022,12,13,Tuesday,1
1232,2018,1,22,Monday,1
1233,2017,7,31,Monday,3
1234,2016,7,15,Friday,3
1235,2016,6,8,Wednesday,3
1236,2018,6,21,Thursday,3
1237,2019,1,18,Friday,1
1238,2022,4,1,Friday,2
1239,2019,6,18,Tuesday,3
1240,2016,6,21,Tuesday,3
1241,2025,4,23,Wednesday,2
1242,2015,2,2,Monday,1
1243,2016,5,31,Tuesday,2
1244,2015,6,19,Friday,3
1245,2020,5,9,Saturday,2
1246,2025,3,26,Wednesday,2
1247,2013,10,18,Friday,4
1248,2013,9,20,Friday,4
1249,2022,10,21,Friday,4
1250,2023,5,10,Wednesday,2
1251,2023,12,12,Tuesday,1
1252,2010,9,13,Monday,4
1253,2023,10,7,Saturday,4
1254,2017,6,15,Thursday,3
1255,2015,7,7,Tuesday,3
1256,2013,4,12,Friday,2
1257,2020,6,25,Thursday,3
1258,2019,5,31,Friday,2
1259,2018,10,26,Friday,4
1260,2012,12,3,Monday,1
1261,2017,2,17,Friday,1
1262,2015,6,8,Monday,3
1263,2011,9,23,Friday,4
1264,2016,4,28,Thursday,2
1265,2013,3,12,Tuesday,2
1266,2012,5,31,Thursday,2
1267,2008,10,16,Thursday,4
1268,2012,9,23,Sunday,4
1269,2010,1,30,Saturday,1
1270,2024,12,6,Friday,1
1271,2020,11,10,Tuesday,4
1272,2012,6,15,Friday,3
1273,2010,6,2,Wednesday,3
1274,2022,2,1,Tuesday,1
1275,2008,6,13,Friday,3
1276,2013,7,17,Wednesday,3
1277,2014,12,12,Friday,1
1278,2017,1,27,Friday,1
1279,2013,4,30,Tuesday,2
1280,2010,10,8,Friday,4
1281,2015,1,23,Friday,1
1282,2022,2,5,Saturday,1
1283,2006,4,1,Saturday,2
1284,2014,12,2,Tuesday,1
1285,2024,2,2,Friday,1
1286,2020,5,12,Tuesday,2
1287,2024,2,1,Thursday,1
1288,2006,4,26,Wednesday,2
1289,2020,6,9,Tuesday,3
1290,2013,2,28,Thursday,1
1291,2022,6,15,Wednesday,3
1292,2011,10,8,Saturday,4
1293,2013,4,16,Tuesday,2
1294,2011,4,1,Friday,2
1295,2013,3,26,Tuesday,2
1296,2022,3,3,Thursday,2
1297,2014,11,18,Tuesday,4
1298,2012,10,17,Wednesday,4
1299,2017,5,24,Wednesday,2
1300,2011,3,19,Saturday,2
1301,2014,5,26,Monday,2
1302,2011,1,29,Saturday,1
1303,2011,9,20,Tuesday,4
1304,2011,9,22,Thursday,4
1305,2010,10,25,Monday,4
1306,2012,3,9,Friday,2
1307,2018,4,19,Thursday,2
1308,2023,9,13,Wednesday,4
1309,2023,1,6,Friday,1
1310,2019,3,22,Friday,2
1311,2018,7,30,Monday,3
1312,2021,5,20,Thursday,2
1313,2019,10,10,Thursday,4
1314,2022,11,18,Friday,4
1315,2018,6,5,Tuesday,3
1316,2024,2,10,Saturday,1
1317,2024,11,20,Wednesday,4
1318,2018,10,18,Thursday,4
1319,2019,12,21,Saturday,1
1320,2024,2,9,Friday,1
1321,2020,7,15,Wednesday,3
1322,2020,11,5,Thursday,4
1323,1999,1,19,Tuesday,1
1324,2016,1,15,Friday,1
1325,2017,4,6,Thursday,2
1326,2015,12,22,Tuesday,1
1327,2018,10,23,Tuesday,4
1328,2015,3,25,Wednesday,2
1329,2017,6,5,Monday,3
1330,2016,6,15,Wednesday,3
1331,2020,6,16,Tuesday,3
1332,2018,1,4,Thursday,1
1333,2021,6,1,Tuesday,3
1334,2017,10,2,Monday,4
1335,2017,2,2,Thursday,1
1336,2017,12,24,Sunday,1
1337,2014,12,10,Wednesday,1
1338,2018,5,31,Thursday,2
1339,2015,3,4,Wednesday,2
1340,2013,9,22,Sunday,4
1341,2017,11,1,Wednesday,4
1342,2017,2,15,Wednesday,1
1343,2017,5,25,Thursday,2
1344,2016,10,21,Friday,4
1345,2019,6,13,Thursday,3
1346,2018,2,27,Tuesday,1
1347,2017,4,15,Saturday,2
1348,2017,1,22,Sunday,1
1349,2016,1,2,Saturday,1
1350,2018,7,16,Monday,3
1351,2005,9,26,Monday,4
1352,2015,10,14,Wednesday,4
1353,2021,7,1,Thursday,3
1354,2016,11,9,Wednesday,4
1355,2016,2,8,Monday,1
1356,2017,1,29,Sunday,1
1357,2015,6,3,Wednesday,3
1358,2020,1,15,Wednesday,1
1359,2025,5,7,Wednesday,2
1360,2022,8,26,Friday,3
1361,2024,4,11,Thursday,2
1362,2017,10,25,Wednesday,4
1363,2012,11,6,Tuesday,4
1364,2018,10,12,Friday,4
1365,2018,1,10,Wednesday,1
1366,2016,9,26,Monday,4
1367,2015,6,18,Thursday,3
1368,2012,1,24,Tuesday,1
1369,2014,5,28,Wednesday,2
1370,2016,10,6,Thursday,4
1371,2016,6,6,Monday,3
1372,2013,10,22,Tuesday,4
1373,2013,10,21,Monday,4
1374,2016,5,20,Friday,2
1375,2013,10,8,Tuesday,4
1376,2010,10,11,Monday,4
1377,2013,12,9,Monday,1
1378,2014,6,10,Tuesday,3
1379,2025,2,4,Tuesday,1
1380,2009,12,17,Thursday,1
1381,2012,6,30,Saturday,3
1382,2023,11,24,Friday,4
1383,2011,7,26,Tuesday,3
1384,2020,6,17,Wednesday,3
1385,2011,12,31,Saturday,1
1386,2015,5,18,Monday,2
1387,2010,10,14,Thursday,4
1388,2011,12,12,Monday,1
1389,2012,1,6,Friday,1
1390,2013,7,13,Saturday,3
1391,2013,9,11,Wednesday,4
1392,2021,7,21,Wednesday,3
1393,2011,12,5,Monday,1
1394,2014,12,4,Thursday,1
1395,2020,3,12,Thursday,2
1396,2011,11,21,Monday,4
1397,2011,11,29,Tuesday,4
1398,2011,4,2,Saturday,2
1399,2021,6,2,Wednesday,3
1400,2010,5,16,Sunday,2
1401,2009,7,30,Thursday,3
1402,2013,10,16,Wednesday,4
1403,2022,8,19,Friday,3
1404,2014,3,1,Saturday,2
1405,2015,3,23,Monday,2
1406,2014,7,23,Wednesday,3
1407,2013,8,12,Monday,3
1408,2013,10,28,Monday,4
1409,2015,3,31,Tuesday,2
1410,2018,5,4,Friday,2
1411,2016,11,18,Friday,4
1412,2016,5,6,Friday,2
1413,2017,10,27,Friday,4
1414,2015,4,24,Friday,2
1415,2017,1,20,Friday,1
1416,2015,2,20,Friday,1
1417,2009,6,12,Friday,3
1418,2006,9,8,Friday,4
1419,2019,5,13,Monday,2
1420,2006,11,24,Friday,4
1421,2006,10,13,Friday,4
1422,2011,8,26,Friday,3
1423,2011,8,30,Tuesday,3
1424,2009,1,23,Friday,1
1425,2021,8,27,Friday,3
1426,2007,6,15,Friday,3
1427,2008,12,19,Friday,1
1428,2009,1,22,Thursday,1
1429,2012,5,8,Tuesday,2
1430,2023,3,23,Thursday,2
1431,2012,4,20,Friday,2
1432,2008,11,28,Friday,4
1433,2014,1,20,Monday,1
1434,2015,12,4,Friday,1
1435,2023,2,17,Friday,1
1436,2021,3,4,Thursday,2
1437,2014,6,24,Tuesday,3
1438,2019,9,25,Wednesday,4
1439,2024,4,25,Thursday,2
1440,2014,5,6,Tuesday,2
1441,2013,10,1,Tuesday,4
1442,2019,4,26,Friday,2
1443,2018,7,6,Friday,3
1444,2015,4,30,Thursday,2
1445,2022,4,22,Friday,2
1446,2011,12,26,Monday,1
1447,2015,2,7,Saturday,1
1448,2025,2,1,Saturday,1
1449,2025,5,28,Wednesday,2
1450,1993,6,12,Saturday,3
1451,2011,10,18,Tuesday,4
1452,2000,5,4,Thursday,2
1453,2012,6,12,Tuesday,3
1454,2021,5,25,Tuesday,2
1455,2011,11,3,Thursday,4
1456,2011,7,20,Wednesday,3
1457,2016,9,23,Friday,4
1458,2014,6,17,Tuesday,3
1459,2011,8,12,Friday,3
1460,2011,4,29,Friday,2
1461,2011,6,13,Monday,3
1462,2014,5,30,Friday,2
1463,2018,10,27,Saturday,4
1464,2014,6,16,Monday,3
1465,2011,3,17,Thursday,2
1466,2008,1,11,Friday,1
1467,2025,6,18,Wednesday,3
1468,1998,10,6,Tuesday,4
1469,2024,11,26,Tuesday,4
1470,2025,5,25,Sunday,2
1471,2025,1,30,Thursday,1
1472,2008,3,31,Monday,2
1473,2024,12,31,Tuesday,1
1474,2013,4,15,Monday,2
1475,2016,8,26,Friday,3
1476,2020,12,9,Wednesday,1
1477,2020,6,19,Friday,3
1478,2016,9,21,Wednesday,4
1479,2019,4,5,Friday,2
1480,2017,11,3,Friday,4
1481,2016,11,8,Tuesday,4
1482,2017,2,28,Tuesday,1
1483,2016,3,22,Tuesday,2
1484,2019,3,27,Wednesday,2
1485,2017,4,11,Tuesday,2
1486,2018,6,28,Thursday,3
1487,2016,6,24,Friday,3
1488,2022,9,26,Monday,4
1489,2018,5,21,Monday,2
1490,2016,6,7,Tuesday,3
1491,2019,4,20,Saturday,2
1492,2025,4,7,Monday,2
1493,2021,7,9,Friday,3
1494,2020,5,14,Thursday,2
1495,2021,6,9,Wednesday,3
1496,2023,4,13,Thursday,2
1497,2011,10,13,Thursday,4
1498,2024,11,1,Friday,4
1499,2011,5,14,Saturday,2
1500,2023,3,9,Thursday,2
1501,2019,12,19,Thursday,1
1502,2011,7,14,Thursday,3
1503,2009,11,19,Thursday,4
1504,2017,12,8,Friday,1
1505,2003,9,1,Monday,4
1506,2014,11,28,Friday,4
1507,2007,3,30,Friday,2
1508,2010,9,28,Tuesday,4
1509,2015,2,10,Tuesday,1
1510,2007,1,19,Friday,1
1511,2015,4,3,Friday,2
1512,2022,1,7,Friday,1
1513,2008,11,30,Sunday,4
1514,2009,11,13,Friday,4
1515,2008,11,21,Friday,4
1516,2007,2,23,Friday,1
1517,2010,6,4,Friday,3
1518,2015,2,12,Thursday,1
1519,2009,5,20,Wednesday,2
1520,2010,8,30,Monday,3
1521,2009,5,16,Saturday,2
1522,2019,9,12,Thursday,4
1523,2022,2,18,Friday,1
1524,2019,2,15,Friday,1
1525,2021,11,11,Thursday,4
1526,2025,3,20,Thursday,2
1527,2023,1,26,Thursday,1
1528,2017,5,22,Monday,2
1529,2022,12,9,Friday,1
1530,2019,9,13,Friday,4
1531,2024,10,4,Friday,4
1532,2019,7,25,Thursday,3
1533,2021,10,5,Tuesday,4
1534,2019,3,30,Saturday,2
1535,2023,12,30,Saturday,1
1536,2023,5,25,Thursday,2
1537,2017,5,6,Saturday,2
1538,2018,5,2,Wednesday,2
1539,2017,7,21,Friday,3
1540,2017,3,14,Tuesday,2
1541,2017,9,19,Tuesday,4
1542,2018,6,20,Wednesday,3
1543,2016,3,21,Monday,2
1544,2020,4,16,Thursday,2
1545,2017,8,11,Friday,3
1546,2020,3,5,Thursday,2
1547,2020,12,10,Thursday,1
1548,2016,6,23,Thursday,3
1549,2017,6,6,Tuesday,3
1550,2017,11,6,Monday,4
1551,2017,7,11,Tuesday,3
1552,2021,4,7,Wednesday,2
1553,2020,4,27,Monday,2
1554,2012,3,23,Friday,2
1555,2020,3,22,Sunday,2
1556,2025,6,20,Friday,3
1557,2018,1,5,Friday,1
1558,2016,6,2,Thursday,3
1559,2017,6,20,Tuesday,3
1560,2015,8,23,Sunday,3
1561,2015,5,12,Tuesday,2
1562,2014,10,1,Wednesday,4
1563,2023,10,20,Friday,4
1564,2025,3,6,Thursday,2
1565,2009,7,1,Wednesday,3
1566,2016,1,18,Monday,1
1567,2018,12,28,Friday,1
1568,2014,5,24,Saturday,2
1569,2012,7,13,Friday,3
1570,2017,7,20,Thursday,3
1571,2012,11,30,Friday,4
1572,2009,10,16,Friday,4
1573,2014,12,30,Tuesday,1
1574,2014,5,13,Tuesday,2
1575,2015,12,20,Sunday,1
1576,2015,11,20,Friday,4
1577,2011,10,15,Saturday,4
1578,2015,12,17,Thursday,1
1579,2011,5,28,Saturday,2
1580,2014,8,6,Wednesday,3
1581,2014,4,4,Friday,2
1582,2010,11,16,Tuesday,4
1583,2010,10,22,Friday,4
1584,2012,6,10,Sunday,3
1585,2015,11,19,Thursday,4
1586,2021,5,6,Thursday,2
1587,2012,7,12,Thursday,3
1588,2016,10,28,Friday,4
1589,2021,5,15,Saturday,2
1590,2011,2,24,Thursday,1
1591,2013,1,28,Monday,1
1592,2010,1,29,Friday,1
1593,2020,7,28,Tuesday,3
1594,2017,5,5,Friday,2
1595,2022,5,30,Monday,2
1596,2011,2,19,Saturday,1
1597,2010,6,12,Saturday,3
1598,2020,4,3,Friday,2
1599,2010,2,21,Sunday,1
1600,2020,6,23,Tuesday,3
1601,2007,7,25,Wednesday,3
1602,2011,5,21,Saturday,2
1603,2018,3,16,Friday,2
1604,2017,9,12,Tuesday,4
1605,2018,7,2,Monday,3
1606,2017,8,7,Monday,3
1607,2024,11,8,Friday,4
1608,2017,1,8,Sunday,1
1609,2015,12,13,Sunday,1
1610,2016,12,26,Monday,1
1611,2021,3,21,Sunday,2
1612,2017,6,11,Sunday,3
1613,2024,12,19,Thursday,1
1614,2024,1,30,Tuesday,1
1615,2017,5,15,Monday,2
1616,2016,11,7,Monday,4
1617,2016,10,27,Thursday,4
1618,2024,3,14,Thursday,2
1619,2015,7,12,Sunday,3
1620,2016,2,2,Tuesday,1
1621,2025,2,16,Sunday,1
1622,2024,5,16,Thursday,2
1623,2012,7,6,Friday,3
1624,2015,5,6,Wednesday,2
1625,2015,6,6,Saturday,3
1626,2024,8,23,Friday,3
1627,2021,12,21,Tuesday,1
1628,2024,5,31,Friday,2
1629,2022,5,25,Wednesday,2
1630,2021,9,2,Thursday,4
1631,2023,12,22,Friday,1
1632,2024,9,27,Friday,4
1633,2022,8,22,Monday,3
1634,2022,10,6,Thursday,4
1635,2022,9,21,Wednesday,4
1636,2023,5,2,Tuesday,2
1637,2021,1,25,Monday,1
1638,2020,11,3,Tuesday,4
1639,2022,4,27,Wednesday,2
1640,2021,3,15,Monday,2
1641,2022,12,24,Saturday,1
1642,2022,8,2,Tuesday,3
1643,2018,7,27,Friday,3
1644,2021,3,24,Wednesday,2
1645,2024,11,6,Wednesday,4
1646,2024,10,10,Thursday,4
1647,2023,2,22,Wednesday,1
1648,2015,4,27,Monday,2
1649,2023,11,9,Thursday,4
1650,2020,1,8,Wednesday,1
1651,2022,8,5,Friday,3
1652,2023,4,5,Wednesday,2
1653,2018,11,9,Friday,4
1654,2009,6,4,Thursday,3
1655,2015,10,2,Friday,4
1656,2013,4,9,Tuesday,2
1657,2015,6,1,Monday,3
1658,2018,3,30,Friday,2
1659,2005,8,6,Saturday,3
1660,2005,7,22,Friday,3
1661,2007,3,9,Friday,2
1662,2005,7,1,Friday,3
1663,2011,3,27,Sunday,2
1664,2014,10,27,Monday,4
1665,2008,3,2,Sunday,2
1666,2014,10,28,Tuesday,4
1667,2008,3,13,Thursday,2
1668,2023,3,27,Monday,2
1669,2006,8,6,Sunday,3
1670,2009,11,18,Wednesday,4
1671,2016,3,10,Thursday,2
1672,2016,2,26,Friday,1
1673,2022,11,24,Thursday,4
1674,2009,10,10,Saturday,4
1675,2013,5,30,Thursday,2
1676,2012,7,17,Tuesday,3
1677,2012,7,18,Wednesday,3
1678,2009,9,23,Wednesday,4
1679,2013,5,31,Friday,2
1680,2017,4,18,Tuesday,2
1681,2009,12,4,Friday,1
1682,2011,11,25,Friday,4
1683,2009,10,15,Thursday,4
1684,2016,11,2,Wednesday,4
1685,2013,3,11,Monday,2
1686,2021,10,6,Wednesday,4
1687,2016,6,28,Tuesday,3
1688,2012,12,17,Monday,1
1689,2015,8,28,Friday,3
1690,2011,6,20,Monday,3
1691,2021,9,23,Thursday,4
1692,2012,9,24,Monday,4
1693,2020,1,9,Thursday,1
1694,2016,3,17,Thursday,2
1695,2022,5,18,Wednesday,2
1696,2022,10,14,Friday,4
1697,2016,1,13,Wednesday,1
1698,2011,11,11,Friday,4
1699,2021,11,15,Monday,4
1700,2017,12,27,Wednesday,1
1701,2025,5,8,Thursday,2
1702,2010,5,31,Monday,2
1703,2020,4,15,Wednesday,2
1704,2025,2,19,Wednesday,1
1705,2015,12,1,Tuesday,1
1706,2016,1,21,Thursday,1
1707,2002,1,17,Thursday,1
1708,2021,9,17,Friday,4
1709,2016,10,26,Wednesday,4
1710,2010,10,10,Sunday,4
1711,2013,6,27,Thursday,3
1712,2013,6,28,Friday,3
1713,2015,3,11,Wednesday,2
1714,2011,12,27,Tuesday,1
1715,2018,12,31,Monday,1
1716,2016,12,31,Saturday,1
1717,2010,9,23,Thursday,4
1718,2008,11,27,Thursday,4
1719,2013,1,6,Sunday,1
1720,2022,6,8,Wednesday,3
1721,2015,4,17,Friday,2
1722,2015,12,31,Thursday,1
1723,2011,7,15,Friday,3
1724,2015,1,22,Thursday,1
1725,2007,5,6,Sunday,2
1726,2015,10,30,Friday,4
1727,2025,4,9,Wednesday,2
1728,2012,3,21,Wednesday,2
1729,2020,4,1,Wednesday,2
1730,2007,10,14,Sunday,4
1731,2013,5,29,Wednesday,2
1732,2016,11,11,Friday,4
1733,2016,10,12,Wednesday,4
1734,2014,2,27,Thursday,1
1735,2016,5,30,Monday,2
1736,2015,11,5,Thursday,4
1737,2016,7,13,Wednesday,3
1738,2020,2,4,Tuesday,1
1739,2015,12,7,Monday,1
1740,2016,4,21,Thursday,2
1741,2015,5,25,Monday,2
1742,2015,5,1,Friday,2
1743,2015,5,22,Friday,2
1744,2014,2,26,Wednesday,1
1745,2016,2,1,Monday,1
1746,2012,4,21,Saturday,2
1747,2014,1,6,Monday,1
1748,2012,9,17,Monday,4
1749,2024,6,28,Friday,3
1750,2012,4,14,Saturday,2
1751,2014,2,28,Friday,1
1752,2015,3,19,Thursday,2
1753,2012,4,19,Thursday,2
1754,2011,11,17,Thursday,4
1755,2016,7,18,Monday,3
1756,2014,1,24,Friday,1
1757,2013,4,3,Wednesday,2
1758,2012,10,9,Tuesday,4
1759,2013,2,13,Wednesday,1
1760,2014,8,7,Thursday,3
1761,2022,2,11,Friday,1
1762,2012,4,22,Sunday,2
1763,2012,4,15,Sunday,2
1764,2020,9,25,Friday,4
1765,2012,5,17,Thursday,2
1766,2017,6,7,Wednesday,3
1767,2016,7,14,Thursday,3
1768,2017,8,25,Friday,3
1769,2016,10,13,Thursday,4
1770,2016,3,15,Tuesday,2
1771,2021,4,14,Wednesday,2
1772,2017,11,30,Thursday,4
1773,2018,10,4,Thursday,4
1774,2025,5,15,Thursday,2
1775,2021,12,1,Wednesday,1
1776,2014,10,6,Monday,4
1777,2015,1,21,Wednesday,1
1778,2014,11,24,Monday,4
1779,2015,2,13,Friday,1
1780,2019,2,20,Wednesday,1
1781,2014,3,14,Friday,2
1782,2021,11,30,Tuesday,4
1783,2022,1,27,Thursday,1
1784,2010,10,15,Friday,4
1785,2009,2,4,Wednesday,1
1786,2007,2,26,Monday,1
1787,2004,4,14,Wednesday,2
1788,2018,9,26,Wednesday,4
1789,2004,2,5,Thursday,1
1790,1999,5,21,Friday,2
1791,2024,1,1,Monday,1
1792,2010,5,24,Monday,2
1793,2010,5,7,Friday,2
1794,2011,3,28,Monday,2
1795,2016,9,13,Tuesday,4
1796,2017,6,26,Monday,3
1797,2017,3,6,Monday,2
1798,2016,11,15,Tuesday,4
1799,2017,2,1,Wednesday,1
1800,2016,11,29,Tuesday,4
1801,2016,11,1,Tuesday,4
1802,2016,6,26,Sunday,3
1803,2023,10,18,Wednesday,4
1804,2020,7,7,Tuesday,3
1805,2015,3,18,Wednesday,2
1806,2015,7,16,Thursday,3
1807,2020,2,5,Wednesday,1
1808,2012,10,16,Tuesday,4
1809,2016,7,17,Sunday,3
1810,2011,11,22,Tuesday,4
1811,2015,7,28,Tuesday,3
1812,2020,2,6,Thursday,1
1813,2011,4,15,Friday,2
1814,2016,4,7,Thursday,2
1815,2020,5,25,Monday,2
1816,2014,7,25,Friday,3
1817,2015,5,14,Thursday,2
1818,2005,8,1,Monday,3
1819,2020,3,26,Thursday,2
1820,2022,6,2,Thursday,3
1821,2013,2,7,Thursday,1
1822,2010,10,27,Wednesday,4
1823,2011,10,28,Friday,4
1824,2014,11,12,Wednesday,4
1825,2010,12,28,Tuesday,1
1826,2015,10,6,Tuesday,4
1827,2016,10,31,Monday,4
1828,2016,10,19,Wednesday,4
1829,2017,3,28,Tuesday,2
1830,2016,10,4,Tuesday,4
1831,2015,5,30,Saturday,2
1832,2015,9,19,Saturday,4
1833,2014,11,11,Tuesday,4
1834,2015,3,26,Thursday,2
1835,2016,1,14,Thursday,1
1836,2020,9,4,Friday,4
1837,2014,9,7,Sunday,4
1838,2014,6,30,Monday,3
1839,2015,1,16,Friday,1
1840,2015,10,22,Thursday,4
1841,2015,2,6,Friday,1
1842,2007,2,7,Wednesday,1
1843,2013,6,21,Friday,3
1844,2007,1,22,Monday,1
1845,2008,11,24,Monday,4
1846,1996,3,10,Sunday,2
1847,1994,11,13,Sunday,4
1848,1999,1,21,Thursday,1
1849,2021,6,6,Sunday,3
1850,2001,3,2,Friday,2
1851,2011,5,3,Tuesday,2
1852,2016,8,5,Friday,3
1853,2011,4,12,Tuesday,2
1854,2017,2,14,Tuesday,1
1855,2021,12,16,Thursday,1
1856,2017,5,3,Wednesday,2
1857,2011,9,9,Friday,4
1858,2014,6,15,Sunday,3
1859,2023,7,25,Tuesday,3
1860,2019,12,10,Tuesday,1
1861,2021,7,16,Friday,3
1862,2023,12,23,Saturday,1
1863,2020,10,1,Thursday,4
1864,2021,7,8,Thursday,3
1865,2019,3,17,Sunday,2
1866,2023,2,5,Sunday,1
1867,2023,1,25,Wednesday,1
1868,2023,7,23,Sunday,3
1869,2022,10,25,Tuesday,4
1870,2020,8,2,Sunday,3
1871,2023,6,10,Saturday,3
1872,2023,5,22,Monday,2
1873,2020,3,31,Tuesday,2
1874,2023,12,25,Monday,1
1875,2022,1,18,Tuesday,1
1876,2016,11,22,Tuesday,4
1877,2016,8,23,Tuesday,3
1878,2016,7,12,Tuesday,3
1879,2016,7,26,Tuesday,3
1880,2016,9,20,Tuesday,4
1881,2020,7,9,Thursday,3
1882,2018,3,14,Wednesday,2
1883,2020,8,6,Thursday,3
1884,2020,8,21,Friday,3
1885,2012,2,10,Friday,1
1886,2021,5,1,Saturday,2
1887,2012,2,11,Saturday,1
1888,2021,8,15,Sunday,3
1889,2017,4,27,Thursday,2
1890,2017,12,21,Thursday,1
1891,2018,12,18,Tuesday,1
1892,2019,1,4,Friday,1
1893,2016,5,1,Sunday,2
1894,2022,3,15,Tuesday,2
1895,2015,12,28,Monday,1
1896,2022,5,11,Wednesday,2
1897,2016,2,3,Wednesday,1
1898,2016,5,23,Monday,2
1899,2018,7,11,Wednesday,3
1900,2017,1,12,Thursday,1
1901,2016,10,15,Saturday,4
1902,2022,9,2,Friday,4
1903,2014,10,26,Sunday,4
1904,2019,7,5,Friday,3
1905,2020,5,23,Saturday,2
1906,2013,12,24,Tuesday,1
1907,2013,4,2,Tuesday,2
1908,2011,2,1,Tuesday,1
1909,2021,10,1,Friday,4
1910,2016,11,10,Thursday,4
1911,2013,3,21,Thursday,2
1912,2025,4,28,Monday,2
1913,2012,2,15,Wednesday,1
1914,2012,2,23,Thursday,1
1915,2014,6,5,Thursday,3
1916,2023,6,26,Monday,3
1917,2023,7,6,Thursday,3
1918,2023,12,29,Friday,1
1919,2022,10,3,Monday,4
1920,2017,11,15,Wednesday,4
1921,2007,12,21,Friday,1
1922,2018,12,19,Wednesday,1
1923,2020,3,23,Monday,2
1924,2016,8,25,Thursday,3
1925,2017,2,20,Monday,1
1926,2018,11,28,Wednesday,4
1927,2023,6,1,Thursday,3
1928,2025,1,3,Friday,1
1929,2022,6,13,Monday,3
1930,2015,6,2,Tuesday,3
1931,2006,1,27,Friday,1
1932,2011,12,21,Wednesday,1
1933,2021,1,26,Tuesday,1
1934,2005,4,19,Tuesday,2
1935,2022,2,13,Sunday,1
1936,2013,7,16,Tuesday,3
1937,2015,4,21,Tuesday,2
1938,2018,1,8,Monday,1
1939,2018,1,12,Friday,1
1940,2017,12,4,Monday,1
1941,2016,5,27,Friday,2
1942,2018,10,22,Monday,4
1943,2016,5,24,Tuesday,2
1944,2016,5,12,Thursday,2
1945,2020,12,22,Tuesday,1
1946,2023,3,3,Friday,2
1947,2013,8,5,Monday,3
1948,2020,3,10,Tuesday,2
1949,2023,4,14,Friday,2
1950,2018,1,1,Monday,1
1951,2023,4,19,Wednesday,2
1952,2024,8,28,Wednesday,3
1953,2019,7,19,Friday,3
1954,2019,9,5,Thursday,4
1955,2023,9,14,Thursday,4
1956,2020,1,23,Thursday,1
1957,2018,3,26,Monday,2
1958,2021,6,17,Thursday,3
1959,2019,10,3,Thursday,4
1960,2018,2,19,Monday,1
1961,2022,6,1,Wednesday,3
1962,2021,12,17,Friday,1
1963,2019,7,8,Monday,3
1964,2019,7,23,Tuesday,3
1965,2024,12,18,Wednesday,1
1966,2019,3,28,Thursday,2
1967,2018,10,1,Monday,4
1968,2018,11,21,Wednesday,4
1969,2021,5,13,Thursday,2
1970,2022,9,27,Tuesday,4
1971,2022,11,9,Wednesday,4
1972,2024,12,17,Tuesday,1
1973,2017,8,1,Tuesday,3
1974,2020,4,20,Monday,2
1975,2022,5,12,Thursday,2
1976,2022,9,28,Wednesday,4
1977,2017,1,24,Tuesday,1
1978,2022,8,4,Thursday,3
1979,2022,4,28,Thursday,2
1980,2023,9,26,Tuesday,4
1981,2019,12,20,Friday,1
1982,2016,6,22,Wednesday,3
1983,2019,10,5,Saturday,4
1984,2016,8,2,Tuesday,3
1985,2017,7,27,Thursday,3
1986,2015,1,20,Tuesday,1
1987,2014,8,16,Saturday,3
1988,2015,2,25,Wednesday,1
1989,2016,2,17,Wednesday,1
1990,2012,12,1,Saturday,1
1991,2016,12,6,Tuesday,1
1992,2009,4,17,Friday,2
1993,2013,9,9,Monday,4
1994,2012,9,1,Saturday,4
1995,2012,12,6,Thursday,1
1996,2012,12,11,Tuesday,1
1997,2011,8,9,Tuesday,3
1998,2010,12,6,Monday,1
1999,2013,12,10,Tuesday,1
2000,2010,2,22,Monday,1
2001,2012,1,17,Tuesday,1
2002,2017,12,5,Tuesday,1
2003,2011,9,5,Monday,4
2004,2013,10,25,Friday,4
2005,2013,7,22,Monday,3
2006,2014,4,29,Tuesday,2
2007,2012,7,5,Thursday,3
2008,2018,11,5,Monday,4
2009,2019,3,26,Tuesday,2
2010,2013,1,24,Thursday,1
2011,2013,7,23,Tuesday,3
2012,2011,11,14,Monday,4
2013,2013,2,4,Monday,1
2014,2012,2,21,Tuesday,1
2015,2012,12,10,Monday,1
2016,2018,12,30,Sunday,1
2017,2012,2,24,Friday,1
2018,2006,9,15,Friday,4
2019,2012,2,8,Wednesday,1
2020,2021,5,18,Tuesday,2
2021,2019,6,26,Wednesday,3
2022,2006,8,22,Tuesday,3
2023,2019,12,15,Sunday,1
2024,2021,6,19,Saturday,3
2025,2009,9,20,Sunday,4
2026,2024,11,21,Thursday,4
2027,2019,12,12,Thursday,1
2028,2015,12,29,Tuesday,1
2029,2012,3,30,Friday,2
2030,2024,4,18,Thursday,2
2031,2012,10,29,Monday,4
2032,2017,10,16,Monday,4
2033,2023,10,26,Thursday,4
2034,2016,1,1,Friday,1
2035,2011,2,13,Sunday,1
2036,2013,12,3,Tuesday,1
2037,2012,5,7,Monday,2
2038,2019,4,27,Saturday,2
2039,2004,5,19,Wednesday,2
2040,2016,3,11,Friday,2
2041,2007,6,22,Friday,3
2042,2004,11,1,Monday,4
2043,2021,2,15,Monday,1
2044,2012,8,31,Friday,3
2045,2014,4,15,Tuesday,2
2046,2016,2,12,Friday,1
2047,2012,10,2,Tuesday,4
2048,2018,12,13,Thursday,1
2049,2011,8,13,Saturday,3
2050,2008,7,11,Friday,3
2051,2007,4,14,Saturday,2
2052,2014,3,11,Tuesday,2
2053,2016,7,2,Saturday,3
2054,2006,7,21,Friday,3
2055,2022,6,16,Thursday,3
2056,2010,1,27,Wednesday,1
2057,2009,12,1,Tuesday,1
2058,2013,11,12,Tuesday,4
2059,2016,7,1,Friday,3
2060,2015,7,14,Tuesday,3
2061,2010,11,25,Thursday,4
2062,2009,12,13,Sunday,1
2063,2011,1,4,Tuesday,1
2064,2011,1,17,Monday,1
2065,2013,1,18,Friday,1
2066,2011,1,25,Tuesday,1
2067,2012,12,24,Monday,1
2068,2008,8,30,Saturday,3
2069,2012,4,13,Friday,2
2070,2010,6,1,Tuesday,3
2071,2010,5,14,Friday,2
2072,2009,4,7,Tuesday,2
2073,2004,5,1,Saturday,2
2074,2006,9,18,Monday,4
2075,2020,11,11,Wednesday,4
2076,2013,4,26,Friday,2
2077,2009,10,24,Saturday,4
2078,2007,7,7,Saturday,3
2079,2011,12,13,Tuesday,1
2080,2010,2,2,Tuesday,1
2081,2014,3,5,Wednesday,2
2082,2010,6,14,Monday,3
2083,2013,3,27,Wednesday,2
2084,2005,4,1,Friday,2
2085,2019,6,4,Tuesday,3
2086,2015,3,24,Tuesday,2
2087,2015,4,15,Wednesday,2
2088,2015,5,3,Sunday,2
2089,2017,6,12,Monday,3
2090,2017,9,5,Tuesday,4
2091,2017,7,25,Tuesday,3
2092,2015,3,5,Thursday,2
2093,2012,5,4,Friday,2
2094,2015,9,15,Tuesday,4
2095,2013,6,17,Monday,3
2096,2013,3,5,Tuesday,2
2097,2024,9,18,Wednesday,4
2098,2021,5,26,Wednesday,2
2099,2024,9,21,Saturday,4
2100,2012,9,21,Friday,4
2101,2011,2,5,Saturday,1
2102,2014,9,30,Tuesday,4
2103,2021,11,2,Tuesday,4
2104,2025,2,15,Saturday,1
2105,2014,9,17,Wednesday,4
2106,2014,9,29,Monday,4
2107,2011,11,30,Wednesday,4
2108,2011,3,11,Friday,2
2109,2011,11,26,Saturday,4
2110,2010,4,16,Friday,2
2111,2011,5,26,Thursday,2
2112,2021,11,10,Wednesday,4
2113,2013,12,20,Friday,1
2114,2013,11,25,Monday,4
2115,2007,11,1,Thursday,4
2116,2010,7,19,Monday,3
2117,2014,10,7,Tuesday,4
2118,2019,10,31,Thursday,4
2119,2016,1,11,Monday,1
2120,2011,10,31,Monday,4
2121,2020,1,30,Thursday,1
2122,2011,10,1,Saturday,4
2123,2008,4,18,Friday,2
2124,2014,5,9,Friday,2
2125,2010,7,13,Tuesday,3
2126,2015,1,10,Saturday,1
2127,2008,10,24,Friday,4
2128,2010,7,9,Friday,3
2129,2011,6,19,Sunday,3
2130,2011,10,25,Tuesday,4
2131,2008,6,1,Sunday,3
2132,2008,9,1,Monday,4
2133,2010,6,22,Tuesday,3
2134,2005,12,1,Thursday,1
2135,2009,12,24,Thursday,1
2136,2011,8,8,Monday,3
2137,2011,8,15,Monday,3
2138,2011,7,4,Monday,3
2139,2011,7,18,Monday,3
2140,2015,10,5,Monday,4
2141,2019,10,29,Tuesday,4
2142,2014,1,7,Tuesday,1
2143,2015,11,9,Monday,4
