id_author,name,gender,birth_date,birth_place,nationality,description,active_start,province,region,country,latitude,longitude
ART82291002,99 posse,M,unknown,Italy,Italy,gruppo musicale italiano,1991-01-01,unknown,unknown,Italy,unknown,unknown
ART53496045,achille lauro,M,1990-07-11,Verona,Italy,cantautore e rapper italiano (1990-),2012-01-01,Verona,Veneto,Italy,45.4424977,10.9857377
ART18853907,alfa,M,unknown,Genova,unknown,Alfa may refer to:,2000-08-22,Genova,Liguria,Italy,unknown,unknown
ART64265460,anna pepe,F,unknown,unknown,Italy,"Anna Pepe, known professionally as Anna, is an Italian rapper. She was born in La Spezia, in Liguria, Italy. Her father is a DJ and her mother a sculptor. In 2020, she became the youngest artist to top the Italian singles chart with ""Bando"", her debut single.",unknown,unknown,unknown,unknown,unknown,unknown
ART75741740,articolo 31,M,1990,Italy,Italy,gruppo musicale hip hop italiano,1990-01-01,unknown,unknown,Italy,unknown,unknown
ART24123617,babaman,M,1975-08-08,Rho,Italy,cantante italiano,1975-08-08,Milano,Lombardia,Italy,45.528878,9.04156
ART40229749,baby k,F,1983-02-05,Singapore,Italy,cantautrice e rapper italiana (1983-),2007-01-01,Piemonte,Northwest Italy,Italy,45.0806268,7.6707168
ART56320683,bassi maestro,M,1973-08-03,Milano,Italy,"rapper, disc jockey, beatmaker e produttore discografico italiano",1988-01-01,Milano,Lombardia,Italy,45.4641943,9.1896346
ART02666525,bigmama,F,2001,Japan,unknown,unknown,2001-01-01,unknown,unknown,Japan,unknown,unknown
ART95365016,bushwaka,M,unknown,unknown,unknown,unknown,unknown,unknown,unknown,unknown,unknown,unknown
ART27304446,caparezza,M,1973-10-09,Sternatia,Italy,"rapper, cantautore e produttore discografico italiano (1973-)",1996-01-01,Lecce,Puglia,Italy,40.222125,18.225226
ART70825116,capo plaza,M,1998-04-20,Salerno,Italy,rapper italiano (1998-),1998,Salerno,Campania,Italy,40.4194416,15.3106085
ART67409252,chadia rodriguez,F,1998-11-07,Almería,Italy,rapper italiana (1998-),1998-11-06,Genova,Liguria,Italy,44.4194958,8.9234821
ART71969350,clementino,M,1982-12-21,Avellino,Italy,rapper e attore italiano (1982-),1982-12-21,Avellino,Campania,Italy,40.9965446,15.140569
ART81071062,club dogo,M,unknown,Italy,Italy,gruppo musicale italiano,unknown,unknown,unknown,Italy,unknown,unknown
ART78209349,coez,M,1983-07-11,Nocera Inferiore,Italy,cantautore e rapper italiano (1983-),2002-01-01,Salerno,Campania,Italy,40.7472133,14.6433202
ART85821920,colle der fomento,M,1994,Italy,Italia,gruppo musicale italiano,1994,unknown,unknown,Italy,unknown,unknown
ART59609037,cor veleno,M,1997,Italy,Italy,gruppo musicale italiano,1993-01-01,unknown,unknown,Italy,unknown,unknown
ART46851094,dani faiv,M,1993-11-05,La Spezia,Italy,rapper italiano (1993-),1993-11-05,La Spezia,Liguria,Italy,44.238366,9.6912326
ART63985757,dargen d_amico,M,unknown,unknown,unknown,unknown,unknown,unknown,unknown,unknown,unknown,unknown
ART96068455,dark polo gang,M,2014,Italy,Italy,gruppo musicale italiano,2014-01-01,unknown,unknown,Italy,unknown,unknown
ART52349448,doll kill,F,1996,Italy,unknown,unknown,1996,unknown,unknown,Italy,unknown,unknown
ART14383873,don joe,M,1975-05-15,Milano,Italy,"disc jockey, produttore discografico e rapper italiano (1975-)",1975-05-14,Milano,Lombardia,Italy,45.4641943,9.1896346
ART09119396,drefgold,M,1997-05-16,Bologna,Italy,rapper italiano (1997-),1997-05-16,Bologna,Emilia-Romagna,Italy,44.4938203,11.3426327
ART86549066,emis killa,M,1989-11-14,Vimercate,Italy,rapper italiano (1989-),2006-01-01,Monza e della Brianza,Lombardia,Italy,45.6139627,9.37006
ART57616402,ensi,M,1985-12-13,Alpignano,Italy,rapper italiano (1985-),2002-01-01,Torino,Piemonte,Italy,45.0957237,7.5254027
ART19729064,entics,M,1985-03-16,Milano,Italy,cantante italiano,unknown,Milano,Lombardia,Italy,45.4641943,9.1896346
ART76284946,ernia,M,1993-11-29,Milano,Italy,rapper italiano (1993-),2011-01-01,Milano,Lombardia,Italy,45.4641943,9.1896346
ART14073567,eva rea,F,unknown,unknown,unknown,unknown,unknown,unknown,unknown,unknown,unknown,unknown
ART25707984,fabri fibra,M,1976-10-17,Senigallia,Italy,rapper italiano (1976-),1996-01-01,Ancona,Marche,Italy,43.7149517,13.2179488
ART07024718,fedez,M,1989-10-15,Milano,Italy,"rapper, personaggio televisivo e imprenditore italiano (1989-)",2006-01-01,Milano,Lombardia,Italy,45.4641943,9.1896346
ART46711784,frah quintale,M,1989-12-27,Brescia,Italy,cantautore e rapper italiano (1989-),2006-01-01,Brescia,Lombardia,Italy,45.7795804,10.425873
ART31005348,frankie hi-nrg mc,M,1969-08-18,Torino,Italy,rapper e cantautore italiano (1969-),1991-01-01,Torino,Piemonte,Italy,45.0677551,7.6824892
ART52465778,fred de palma,M,1989-11-03,Torino,Italy,cantautore e rapper italiano (1989-),1989-11-03,Torino,Piemonte,Italy,45.0677551,7.6824892
ART85046033,gemitaiz,M,1988-11-04,Roma,Italy,rapper e produttore discografico italiano (1988),2003-01-01,Roma,Lazio,Italy,41.8933203,12.4829321
ART87162895,geolier,M,2000-03-23,Napoli,Italy,rapper italiano (2000-),2000-03-23,Napoli,Campania,Italy,40.8358846,14.2487679
ART83125571,ghali,M,1993-05-21,Milano,Italy,rapper e cantautore italo-tunisino (1993-),2011-01-01,Milano,Lombardia,Italy,45.4641943,9.1896346
ART73965015,ghemon,M,1982-04-01,Avellino,Italy,"rapper, cantante e stand up comedian italiano",1996-01-01,Avellino,Campania,Italy,40.9965446,15.140569
ART79325822,grido,M,1979-03-30,Milano,Italy,rapper e cantautore italiano (1979),1996-01-01,Milano,Lombardia,Italy,45.4641943,9.1896346
ART04141409,guè pequeno,M,unknown,unknown,Italy,"Cosimo Fini, known professionally as Guè, previously as Gué Pequeno, is an Italian rapper. He is also a member of the famous hip hop group Club Dogo with rapper Jake La Furia and producer Don Joe. Between 1999 and 2001, he was also in ""Sacre Scuole"", a group made up by Gué Pequeno, Dargen D'Amico and Jake La Furia. In his career he collaborated with international artists such as Benny the Butcher, Kool G Rap, Akon, Rick Ross and Jadakiss.",unknown,unknown,unknown,unknown,unknown,unknown
ART91515842,hell raton,M,1990-05-14,Olbia,Italy,rapper e produttore discografico italiano (1990-),1990,Gallura,Sardegna,Italy,40.9232659,9.5027442
ART59593021,hindaco,F,unknown,unknown,unknown,unknown,unknown,unknown,unknown,unknown,unknown,unknown
ART08177154,il tre,M,1997-01-01,Roma,Italy,rapper e cantautore italiano (1997-),2015-01-01,Roma,Lazio,Italy,41.8933203,12.4829321
ART57730937,inoki,M,1979-10-02,Roma,Italy,rapper e produttore discografico italiano (1979),1996-01-01,Roma,Lazio,Italy,41.8933203,12.4829321
ART17812958,j-ax,M,1972-08-05,Milano,Italy,"rapper, cantautore e produttore discografico italiano (1972-)",1990-01-01,Milano,Lombardia,Italy,45.4641943,9.1896346
ART80977821,jack the smoker,M,1982-12-20,Milano,Italy,rapper e produttore discografico italiano (1982-),1982-12-20,Milano,Lombardia,Italy,45.4641943,9.1896346
ART88792008,jake la furia,M,1979-02-25,Milano,Italy,rapper italiano (1979-),1999-01-01,Milano,Lombardia,Italy,45.4641943,9.1896346
ART88199433,joey funboy,F,unknown,unknown,unknown,unknown,unknown,unknown,unknown,unknown,unknown,unknown
ART07469279,johnny marsiglia,M,unknown,Italy,unknown,unknown,unknown,unknown,unknown,Italy,unknown,unknown
ART88423027,la pina,F,1970-06-20,Firenze,Italy,"rapper, conduttrice radiofonica e televisiva italiana (1970-)",1970-06-20,Firenze,Toscana,Italy,43.7697955,11.2556404
ART39344115,lazza,M,1994-08-22,Scampia,Italy,"rapper, musicista e produttore discografico italiano (1994-)",2012-01-01,Napoli,Campania,Italy,40.8999881,14.2410519
ART05528539,luchè,M,1981-01-07,Napoli,Italy,rapper e produttore discografico italiano,1981-01-07,Napoli,Campania,Italy,40.8358846,14.2487679
ART20729624,madame,F,2002-01-16,Vicenza,Italy,cantautrice e rapper italiana (2002-),2018-01-01,Vicenza,Veneto,Italy,45.6348591,11.4063543
ART40433104,madman,M,1988-07-25,Grottaglie,Italy,rapper italiano (1988),2006-01-01,Taranto,Puglia,Italy,40.5361927,17.4342206
ART16868977,mahmood,M,1992-09-12,Milano,Italy,cantautore e paroliere italiano (1992-),2012-01-01,Milano,Lombardia,Italy,45.4641943,9.1896346
ART61734477,mambolosco,M,1991-08-16,Vicenza,Italy,rapper italiano (1991-),1990-08-16,Vicenza,Veneto,Italy,45.6348591,11.4063543
ART02733420,marracash,M,1979-05-22,Nicosia,Italy,rapper e produttore discografico italiano (1979-),1999-01-01,Enna,Sicilia,Italy,37.747452,14.397271
ART63613967,massimo pericolo,M,1993-11-30,Gallarate,Italy,criminale e rapper italiano,1992-11-30,Varese,Lombardia,Italy,45.6598951,8.7932013
ART37807199,mike24,M,unknown,unknown,unknown,unknown,unknown,unknown,unknown,unknown,unknown,unknown
ART43601431,miss keta,F,unknown,unknown,unknown,unknown,unknown,unknown,unknown,unknown,unknown,unknown
ART51628788,miss simpatia,F,unknown,unknown,unknown,unknown,unknown,unknown,unknown,unknown,unknown,unknown
ART48537029,mistaman,M,1976-09-11,Treviso,Italy,rapper italiano,1976-09-11,Treviso,Veneto,Italy,45.8066913,12.2063158
ART91352277,mondo marcio,M,1986-12-01,Milano,Italy,rapper e produttore discografico italiano,1986-12-01,Milano,Lombardia,Italy,45.4641943,9.1896346
ART71846481,mr. rain,M,1991-11-19,Desenzano del Garda,Italy,cantautore e rapper italiano (1991-),2011-01-01,Brescia,Lombardia,Italy,45.4694851,10.5389467
ART86576759,mudimbi,M,1986-10-17,San Benedetto del Tronto,Italy,cantante italiano,2013-01-01,Ascoli Piceno,Marche,Italy,42.9525328,13.8807144
ART52272796,neffa,M,1967-10-07,Scafati,Italy,"cantautore, rapper e produttore discografico italiano (1967-)",1988-01-01,Salerno,Campania,Italy,40.7499887,14.5269491
ART07629990,nesli,M,1980-12-29,Senigallia,Italy,"cantautore, rapper e produttore discografico italiano",1990-01-01,Ancona,Marche,Italy,43.7149517,13.2179488
ART19060721,niky savage,M,1997-07-22,Milano,Italia,Rapper italiano,unknown,Milano,Lombardia,Italy,45.4641943,9.1896346
ART78358659,nitro,M,1993-02-11,Vicenza,Italy,rapper italiano (1993-),2007-01-01,Vicenza,Veneto,Italy,45.6348591,11.4063543
ART07127070,noyz narcos,M,1979-12-15,Roma,Italy,rapper e produttore discografico italiano (1979-),1996-01-01,Roma,Lazio,Italy,41.8933203,12.4829321
ART42220690,o zulù,M,1970-11-15,Italy,unknown,unknown,1970-11-15,unknown,unknown,Italy,unknown,unknown
ART12092805,papa v,M,2001-02-19,Pieve Emanuele,Italy,rapper italiano (2001-),unknown,Milano,Lombardia,Italy,45.3559126,9.2020722
ART66932389,piotta,M,1973-04-26,Roma,Italy,rapper e produttore discografico italiano (1973-),1994-01-01,Roma,Lazio,Italy,41.8933203,12.4829321
ART87389753,priestess,F,2004-10,Montréal,Canadian,gruppo musicale canadese,2003-01-01,Montréal,Québec,Canada,unknown,unknown
ART08456301,rancore,M,1989-07-19,Roma,Italy,rapper italiano (1989-),2004-01-01,Roma,Lazio,Italy,41.8933203,12.4829321
ART89596800,rkomi,M,1994-04-19,Milano,Italy,rapper e cantautore italiano (1994-),2012-01-01,Milano,Lombardia,Italy,45.4641943,9.1896346
ART17240256,rocco hunt,M,1994-11-21,Salerno,Italy,cantautore e rapper italiano (1994-),2009-01-01,Salerno,Campania,Italy,40.4194416,15.3106085
ART08302616,rondodasosa,M,2002-04-29,San Siro,Italy,rapper italiano (2002-),2002-04-29,Milano,Lombardia,Italy,45.4782003,9.123964
ART04205421,rosa chemical,M,1998-01-30,Grugliasco,Italy,rapper e cantautore italiano (1998-),2015-01-01,Torino,Piemonte,Italy,45.068046,7.57762
ART74676403,rose villain,F,1989-07-20,Milano,Italy,cantautrice e rapper italiana (1989-),2010-01-01,Milano,Lombardia,Italy,45.4641943,9.1896346
ART02449272,roshelle,F,1995-09-18,Lodi,Italy,cantante e rapper italiana (1995-),2016-01-01,Lodi,Lombardia,Italy,45.2613104,9.4916781
ART48622722,salmo,M,1984-06-29,Olbia,Italy,rapper e produttore discografico italiano (1984-),1997-01-01,Gallura,Sardegna,Italy,40.9232659,9.5027442
ART56967402,samuel heron,M,1991,Italy,unknown,unknown,1991,unknown,unknown,Italy,unknown,unknown
ART87497821,sfera ebbasta,M,1992-12-07,Sesto San Giovanni,Italy,rapper italiano (1992-),2011-01-01,Milano,Lombardia,Italy,45.5357218,9.2376549
ART98307962,shablo,M,1980-11-17,Buenos Aires,Argentina,disc jockey e produttore discografico italo-argentino (1980-),1980-11-17,Buenos Aires,Greater Buenos Aires,Argentina,44.8037407,10.1430038
ART26418649,shade,M,1987-12-10,Torino,Italy,rapper e doppiatore italiano (1987-),2005-01-01,Torino,Piemonte,Italy,45.0677551,7.6824892
ART64850829,shiva,M,http://www.wikidata.org/.well-known/genid/4111f32c49a23235b2e902dc8621d27c,India,Indian,dio indiano della distruzione e della trasformazione,1952-11-04,unknown,unknown,India,unknown,unknown
ART41225226,skioffi,M,unknown,Italy,unknown,unknown,unknown,unknown,unknown,Italy,unknown,unknown
ART28717687,slait,M,1987-01-24,Olbia,Italy,rapper e produttore discografico italiano (1987-),unknown,Gallura,Sardegna,Italy,40.9232659,9.5027442
ART22979236,sottotono,M,1994,Italy,Italia,gruppo musicale italiano,1994,unknown,unknown,Italy,unknown,unknown
ART85780419,tedua,M,1994-02-21,Genova,Italy,"cantautore, rapper e attore italiano (1994-)",1994-02-21,Genova,Liguria,Italy,44.40726,8.9338624
ART88026810,thasup,M,2001-03-17,Fiumicino,Italy,rapper e produttore discografico italiano (2001-),2015-01-01,Roma,Lazio,Italy,41.7712145,12.2278855
ART51721248,tony boy,M,1999-09-26,Padova,Italy,rapper italiano (1999-),1999-09-26,Padova,Veneto,Italy,45.391408,11.8058487
ART57242110,tony effe,M,1991-05-17,Roma,Italy,rapper italiano (1991-),1991-05-17,Roma,Lazio,Italy,41.8933203,12.4829321
ART98118784,tormento,M,1975-09-06,Reggio Calabria,Italy,"rapper, cantautore e beatmaker italiano (1975-)",1975-09-06,Reggio Calabria,Calabria,Italy,38.1035389,15.6397556
ART15560128,vacca,M,1979-10-21,Cagliari,Italy,rapper italiano,2001-01-01,Cagliari,Sardegna,Italy,39.2171994,9.113311
ART57587384,willie peyote,M,1985-08-28,Torino,Italy,rapper e cantautore italiano (1985-),2004-01-01,Torino,Piemonte,Italy,45.0677551,7.6824892
ART71515715,yeиdry,F,1993-07-27,Italy,unknown,unknown,1993-07-27,unknown,unknown,Italy,unknown,unknown
ART83631935,yung snapp,M,1996-08-06,Napoli,Italy,produttore discografico e rapper italiano,1996-08-06,Napoli,Campania,Italy,40.8358846,14.2487679
