id,id_artist,title,featured_artists,primary_artist,language,album,swear_IT,swear_EN,swear_IT_words,swear_EN_words,year,month,day,n_sentences,n_tokens,char_per_tok,avg_token_per_clause,bpm,rolloff,flux,flatness,spectral_complexity,pitch,loudness,album_name,album_release_date,album_type,disc_number,track_number,duration_ms,explicit,popularity,id_album,lyrics,streams@1month
TR367132,ART20729624,BUGIE,"Rkomi, Carl Brave",Madame,it,MADAME,0,0,[],[],2021.0,3.0,19.0,1,321,4.3551,4.0633,125.96,971.3151,1.0464,0.9049,15.2131,2520.5922,17.9408,MADAME,2021-06-03,album,1.0,6.0,171602.0,False,48.0,ALB468764,"E visto che non so dire di no
Sintomi da star
Non va bene questo, non va bene quello
Sintomi da star
Quando nessuno è qui per ascoltare me
Sintomi da star
Ogni cosa che scambio per quello che cerco
È già una novità
Vorrei mentirti, riempirti di bugie, oh
Posso sentirti senza toccarti proprio
Lasciami fuori, non farmi entrare troppo
Vorrei mentirti, riempirti il drink di bugie

Sto tossendo il cuore mentre, mentre ti scrivo, ahia
Sto odiando gli sbirri mentre ti portan via da casa
Non so chi potrei essere, oh, se sia il cattivo
Per raggiungere la luna devo

Guardami negli occhi e dimmi ancora bugie
Bugie, bugie
Guardami negli occhi e dimmi ancora bugie
Bugie, bugie
Solo vibes negative, ma che resti tra noi
Non vogliono lo sappiano in città
Voglio vibes positive, però resti tra noi
Basta con le bugie, basta con le bugie

Basta con le bugie, ehi
Ti ho lasciato le mie, ehi
Che non riesco a dormì più
No, non riesco a dormì
Ho pisciato il mese di palestra
M'hai lasciato un grande mal di testa
Come pioggia contro la finestra
Come stessi a tornà da 'na festa
È solo una di quelle bugie (Bugie)
Nate bianche, ma dopo marcite ('Cite)
Troppo grandi, poi prendono vita (Vita)
E ti smontano co' un cacciavite (Ta-ta, eh)
Butto il ricordo da un cavalcavia (Cavalcavia)
Del tuo cuore ricordo la sua melodia
Un gatto nero attraversa la via

L'edera si arrampica sui muri
E sugli specchi le bugie sono solo scongiuri
Dai, voglio sentire che vuoi dirmi
So' tutt'orecchi, è arrivata l'ora dei saluti

Guardami negli occhi e dimmi ancora bugie
Bugie, bugie
Guardami negli occhi e dimmi ancora bugie
Bugie, bugie
Solo vibes negative, ma che resti tra noi
Non vogliono lo sappiano in città
Voglio vibes positive, però resti tra noi
Basta con le bugie, basta con le bugie",36965.0
TR367132,ART20729624,BUGIE,"Rkomi, Carl Brave",Madame,it,MADAME,0,0,[],[],2021.0,3.0,19.0,1,321,4.3551,4.0633,125.96,971.3151,1.0464,0.9049,15.2131,2520.5922,17.9408,sentimi,2020-04-24,single,1.0,1.0,187660.0,False,42.0,ALB590629,"E visto che non so dire di no
Sintomi da star
Non va bene questo, non va bene quello
Sintomi da star
Quando nessuno è qui per ascoltare me
Sintomi da star
Ogni cosa che scambio per quello che cerco
È già una novità
Vorrei mentirti, riempirti di bugie, oh
Posso sentirti senza toccarti proprio
Lasciami fuori, non farmi entrare troppo
Vorrei mentirti, riempirti il drink di bugie

Sto tossendo il cuore mentre, mentre ti scrivo, ahia
Sto odiando gli sbirri mentre ti portan via da casa
Non so chi potrei essere, oh, se sia il cattivo
Per raggiungere la luna devo

Guardami negli occhi e dimmi ancora bugie
Bugie, bugie
Guardami negli occhi e dimmi ancora bugie
Bugie, bugie
Solo vibes negative, ma che resti tra noi
Non vogliono lo sappiano in città
Voglio vibes positive, però resti tra noi
Basta con le bugie, basta con le bugie

Basta con le bugie, ehi
Ti ho lasciato le mie, ehi
Che non riesco a dormì più
No, non riesco a dormì
Ho pisciato il mese di palestra
M'hai lasciato un grande mal di testa
Come pioggia contro la finestra
Come stessi a tornà da 'na festa
È solo una di quelle bugie (Bugie)
Nate bianche, ma dopo marcite ('Cite)
Troppo grandi, poi prendono vita (Vita)
E ti smontano co' un cacciavite (Ta-ta, eh)
Butto il ricordo da un cavalcavia (Cavalcavia)
Del tuo cuore ricordo la sua melodia
Un gatto nero attraversa la via

L'edera si arrampica sui muri
E sugli specchi le bugie sono solo scongiuri
Dai, voglio sentire che vuoi dirmi
So' tutt'orecchi, è arrivata l'ora dei saluti

Guardami negli occhi e dimmi ancora bugie
Bugie, bugie
Guardami negli occhi e dimmi ancora bugie
Bugie, bugie
Solo vibes negative, ma che resti tra noi
Non vogliono lo sappiano in città
Voglio vibes positive, però resti tra noi
Basta con le bugie, basta con le bugie",39108.0
TR367132,ART20729624,​sentimi,None,Madame,it,MADAME,0,0,[],[],2020.0,4.0,24.0,2,236,4.3305,4.1404,125.96,971.3151,1.0464,0.9049,15.2131,2520.5922,17.9408,MADAME,2021-06-03,album,1.0,6.0,171602.0,False,48.0,ALB468764,"Eh-eh-ah
Siedi e sentimi
Yeah

Siedi e sentimi
Stammi accanto finché posso toccarti
Taci e stenditi
Dormirò sulle tue mani calde
Se ti senti
Male, prova pure a parlarne
Se ti inventi
Cose a caso, non so come aiutare

Quando ci vedremo non saprò come vestirmi
Metterò a soqquadro l'intero armadio
Solo per un ""sei così bella""
Ma sarà abbastanza per te?
Mi videochiami e forse ti intristisce
Farmi i complimenti e non vedermi arrossire
Scivolerei tra le tue mani lisce
Almeno fino a che non riusciamo a dormire
Mi racconti una favola così dormo
Mi addormento con te come sottofondo
Vorrei solo del profumo del sudore del tuo corpo
Come stampo sulla felpa della Volcom che poi ti regalerò

Siedi e sentimi
Stammi accanto finché posso toccarti
Taci e stenditi
Dormirò sulle tue mani calde
Se ti senti
Male, prova pure a parlarne
Se ti inventi
Cose a caso, non so come aiutare

Ti chiedo tue news (Please)
Mi mandi tuoi nudes (Wow)
Non so cosa dire
Ma dimmi di più
Brinda alla mia, brindo alla tua
Dimmi davvero che ti manco anch'io
Bevi alla mia, bevo alla tua
Sto già ubriaca da un quarto d'ora

Siedi e sentimi
Stammi accanto finché posso toccarti
Taci e stenditi
Dormirò sulle tue mani calde
Se ti senti
Male, prova pure a parlarne
Se ti inventi
Cose a caso, non so come aiutare",12626.0
TR367132,ART20729624,​sentimi,None,Madame,it,sentimi,0,0,[],[],2020.0,4.0,24.0,2,236,4.3305,4.1404,125.96,971.3151,1.0464,0.9049,15.2131,2520.5922,17.9408,sentimi,2020-04-24,single,1.0,1.0,187660.0,False,42.0,ALB590629,"Eh-eh-ah
Siedi e sentimi
Yeah

Siedi e sentimi
Stammi accanto finché posso toccarti
Taci e stenditi
Dormirò sulle tue mani calde
Se ti senti
Male, prova pure a parlarne
Se ti inventi
Cose a caso, non so come aiutare

Quando ci vedremo non saprò come vestirmi
Metterò a soqquadro l'intero armadio
Solo per un ""sei così bella""
Ma sarà abbastanza per te?
Mi videochiami e forse ti intristisce
Farmi i complimenti e non vedermi arrossire
Scivolerei tra le tue mani lisce
Almeno fino a che non riusciamo a dormire
Mi racconti una favola così dormo
Mi addormento con te come sottofondo
Vorrei solo del profumo del sudore del tuo corpo
Come stampo sulla felpa della Volcom che poi ti regalerò

Siedi e sentimi
Stammi accanto finché posso toccarti
Taci e stenditi
Dormirò sulle tue mani calde
Se ti senti
Male, prova pure a parlarne
Se ti inventi
Cose a caso, non so come aiutare

Ti chiedo tue news (Please)
Mi mandi tuoi nudes (Wow)
Non so cosa dire
Ma dimmi di più
Brinda alla mia, brindo alla tua
Dimmi davvero che ti manco anch'io
Bevi alla mia, bevo alla tua
Sto già ubriaca da un quarto d'ora

Siedi e sentimi
Stammi accanto finché posso toccarti
Taci e stenditi
Dormirò sulle tue mani calde
Se ti senti
Male, prova pure a parlarne
Se ti inventi
Cose a caso, non so come aiutare",16106.0
